source,property,unit,scale,bin_index,bin_left,bin_right,bin_label,count,fraction,total_count,num_samples,num_objects,min,max,mean,std,training_normalization,clip_min_raw,clip_max_raw,normalized_min,normalized_max,normalized_mean,normalized_std,root,notes
base_material_grid,rho,kg_m3,log10,nonpositive,,0,<=0,0,0,57480860,1552,1552,27.5034885,7919.52539,1388.16523,1296.24368,"target=2*clip(log10(max(rho,1e-8)),-2,5)/15",0.01,100000,0.191918371,0.519826554,0.377625551,0.078339315,/mnt/fillipo/huangbei/pixieverse/render_outputs,One base full material_grid.npy per PixieVerse object.
base_material_grid,rho,kg_m3,log10,underflow,,-2,<-2,0,0,57480860,1552,1552,27.5034885,7919.52539,1388.16523,1296.24368,"target=2*clip(log10(max(rho,1e-8)),-2,5)/15",0.01,100000,0.191918371,0.519826554,0.377625551,0.078339315,/mnt/fillipo/huangbei/pixieverse/render_outputs,One base full material_grid.npy per PixieVerse object.
base_material_grid,rho,kg_m3,log10,overflow,5,,>=5,0,0,57480860,1552,1552,27.5034885,7919.52539,1388.16523,1296.24368,"target=2*clip(log10(max(rho,1e-8)),-2,5)/15",0.01,100000,0.191918371,0.519826554,0.377625551,0.078339315,/mnt/fillipo/huangbei/pixieverse/render_outputs,One base full material_grid.npy per PixieVerse object.
base_material_grid,rho,kg_m3,log10,0,-2,-1.85416667,10^-2..10^-1.85,0,0,57480860,1552,1552,27.5034885,7919.52539,1388.16523,1296.24368,"target=2*clip(log10(max(rho,1e-8)),-2,5)/15",0.01,100000,0.191918371,0.519826554,0.377625551,0.078339315,/mnt/fillipo/huangbei/pixieverse/render_outputs,One base full material_grid.npy per PixieVerse object.
base_material_grid,rho,kg_m3,log10,1,-1.85416667,-1.70833333,10^-1.85..10^-1.71,0,0,57480860,1552,1552,27.5034885,7919.52539,1388.16523,1296.24368,"target=2*clip(log10(max(rho,1e-8)),-2,5)/15",0.01,100000,0.191918371,0.519826554,0.377625551,0.078339315,/mnt/fillipo/huangbei/pixieverse/render_outputs,One base full material_grid.npy per PixieVerse object.
base_material_grid,rho,kg_m3,log10,2,-1.70833333,-1.5625,10^-1.71..10^-1.56,0,0,57480860,1552,1552,27.5034885,7919.52539,1388.16523,1296.24368,"target=2*clip(log10(max(rho,1e-8)),-2,5)/15",0.01,100000,0.191918371,0.519826554,0.377625551,0.078339315,/mnt/fillipo/huangbei/pixieverse/render_outputs,One base full material_grid.npy per PixieVerse object.
base_material_grid,rho,kg_m3,log10,3,-1.5625,-1.41666667,10^-1.56..10^-1.42,0,0,57480860,1552,1552,27.5034885,7919.52539,1388.16523,1296.24368,"target=2*clip(log10(max(rho,1e-8)),-2,5)/15",0.01,100000,0.191918371,0.519826554,0.377625551,0.078339315,/mnt/fillipo/huangbei/pixieverse/render_outputs,One base full material_grid.npy per PixieVerse object.
base_material_grid,rho,kg_m3,log10,4,-1.41666667,-1.27083333,10^-1.42..10^-1.27,0,0,57480860,1552,1552,27.5034885,7919.52539,1388.16523,1296.24368,"target=2*clip(log10(max(rho,1e-8)),-2,5)/15",0.01,100000,0.191918371,0.519826554,0.377625551,0.078339315,/mnt/fillipo/huangbei/pixieverse/render_outputs,One base full material_grid.npy per PixieVerse object.
base_material_grid,rho,kg_m3,log10,5,-1.27083333,-1.125,10^-1.27..10^-1.12,0,0,57480860,1552,1552,27.5034885,7919.52539,1388.16523,1296.24368,"target=2*clip(log10(max(rho,1e-8)),-2,5)/15",0.01,100000,0.191918371,0.519826554,0.377625551,0.078339315,/mnt/fillipo/huangbei/pixieverse/render_outputs,One base full material_grid.npy per PixieVerse object.
base_material_grid,rho,kg_m3,log10,6,-1.125,-0.979166667,10^-1.12..10^-0.979,0,0,57480860,1552,1552,27.5034885,7919.52539,1388.16523,1296.24368,"target=2*clip(log10(max(rho,1e-8)),-2,5)/15",0.01,100000,0.191918371,0.519826554,0.377625551,0.078339315,/mnt/fillipo/huangbei/pixieverse/render_outputs,One base full material_grid.npy per PixieVerse object.
base_material_grid,rho,kg_m3,log10,7,-0.979166667,-0.833333333,10^-0.979..10^-0.833,0,0,57480860,1552,1552,27.5034885,7919.52539,1388.16523,1296.24368,"target=2*clip(log10(max(rho,1e-8)),-2,5)/15",0.01,100000,0.191918371,0.519826554,0.377625551,0.078339315,/mnt/fillipo/huangbei/pixieverse/render_outputs,One base full material_grid.npy per PixieVerse object.
base_material_grid,rho,kg_m3,log10,8,-0.833333333,-0.6875,10^-0.833..10^-0.688,0,0,57480860,1552,1552,27.5034885,7919.52539,1388.16523,1296.24368,"target=2*clip(log10(max(rho,1e-8)),-2,5)/15",0.01,100000,0.191918371,0.519826554,0.377625551,0.078339315,/mnt/fillipo/huangbei/pixieverse/render_outputs,One base full material_grid.npy per PixieVerse object.
base_material_grid,rho,kg_m3,log10,9,-0.6875,-0.541666667,10^-0.688..10^-0.542,0,0,57480860,1552,1552,27.5034885,7919.52539,1388.16523,1296.24368,"target=2*clip(log10(max(rho,1e-8)),-2,5)/15",0.01,100000,0.191918371,0.519826554,0.377625551,0.078339315,/mnt/fillipo/huangbei/pixieverse/render_outputs,One base full material_grid.npy per PixieVerse object.
base_material_grid,rho,kg_m3,log10,10,-0.541666667,-0.395833333,10^-0.542..10^-0.396,0,0,57480860,1552,1552,27.5034885,7919.52539,1388.16523,1296.24368,"target=2*clip(log10(max(rho,1e-8)),-2,5)/15",0.01,100000,0.191918371,0.519826554,0.377625551,0.078339315,/mnt/fillipo/huangbei/pixieverse/render_outputs,One base full material_grid.npy per PixieVerse object.
base_material_grid,rho,kg_m3,log10,11,-0.395833333,-0.25,10^-0.396..10^-0.25,0,0,57480860,1552,1552,27.5034885,7919.52539,1388.16523,1296.24368,"target=2*clip(log10(max(rho,1e-8)),-2,5)/15",0.01,100000,0.191918371,0.519826554,0.377625551,0.078339315,/mnt/fillipo/huangbei/pixieverse/render_outputs,One base full material_grid.npy per PixieVerse object.
base_material_grid,rho,kg_m3,log10,12,-0.25,-0.104166667,10^-0.25..10^-0.104,0,0,57480860,1552,1552,27.5034885,7919.52539,1388.16523,1296.24368,"target=2*clip(log10(max(rho,1e-8)),-2,5)/15",0.01,100000,0.191918371,0.519826554,0.377625551,0.078339315,/mnt/fillipo/huangbei/pixieverse/render_outputs,One base full material_grid.npy per PixieVerse object.
base_material_grid,rho,kg_m3,log10,13,-0.104166667,0.0416666667,10^-0.104..10^0.0417,0,0,57480860,1552,1552,27.5034885,7919.52539,1388.16523,1296.24368,"target=2*clip(log10(max(rho,1e-8)),-2,5)/15",0.01,100000,0.191918371,0.519826554,0.377625551,0.078339315,/mnt/fillipo/huangbei/pixieverse/render_outputs,One base full material_grid.npy per PixieVerse object.
base_material_grid,rho,kg_m3,log10,14,0.0416666667,0.1875,10^0.0417..10^0.188,0,0,57480860,1552,1552,27.5034885,7919.52539,1388.16523,1296.24368,"target=2*clip(log10(max(rho,1e-8)),-2,5)/15",0.01,100000,0.191918371,0.519826554,0.377625551,0.078339315,/mnt/fillipo/huangbei/pixieverse/render_outputs,One base full material_grid.npy per PixieVerse object.
base_material_grid,rho,kg_m3,log10,15,0.1875,0.333333333,10^0.188..10^0.333,0,0,57480860,1552,1552,27.5034885,7919.52539,1388.16523,1296.24368,"target=2*clip(log10(max(rho,1e-8)),-2,5)/15",0.01,100000,0.191918371,0.519826554,0.377625551,0.078339315,/mnt/fillipo/huangbei/pixieverse/render_outputs,One base full material_grid.npy per PixieVerse object.
base_material_grid,rho,kg_m3,log10,16,0.333333333,0.479166667,10^0.333..10^0.479,0,0,57480860,1552,1552,27.5034885,7919.52539,1388.16523,1296.24368,"target=2*clip(log10(max(rho,1e-8)),-2,5)/15",0.01,100000,0.191918371,0.519826554,0.377625551,0.078339315,/mnt/fillipo/huangbei/pixieverse/render_outputs,One base full material_grid.npy per PixieVerse object.
base_material_grid,rho,kg_m3,log10,17,0.479166667,0.625,10^0.479..10^0.625,0,0,57480860,1552,1552,27.5034885,7919.52539,1388.16523,1296.24368,"target=2*clip(log10(max(rho,1e-8)),-2,5)/15",0.01,100000,0.191918371,0.519826554,0.377625551,0.078339315,/mnt/fillipo/huangbei/pixieverse/render_outputs,One base full material_grid.npy per PixieVerse object.
base_material_grid,rho,kg_m3,log10,18,0.625,0.770833333,10^0.625..10^0.771,0,0,57480860,1552,1552,27.5034885,7919.52539,1388.16523,1296.24368,"target=2*clip(log10(max(rho,1e-8)),-2,5)/15",0.01,100000,0.191918371,0.519826554,0.377625551,0.078339315,/mnt/fillipo/huangbei/pixieverse/render_outputs,One base full material_grid.npy per PixieVerse object.
base_material_grid,rho,kg_m3,log10,19,0.770833333,0.916666667,10^0.771..10^0.917,0,0,57480860,1552,1552,27.5034885,7919.52539,1388.16523,1296.24368,"target=2*clip(log10(max(rho,1e-8)),-2,5)/15",0.01,100000,0.191918371,0.519826554,0.377625551,0.078339315,/mnt/fillipo/huangbei/pixieverse/render_outputs,One base full material_grid.npy per PixieVerse object.
base_material_grid,rho,kg_m3,log10,20,0.916666667,1.0625,10^0.917..10^1.06,0,0,57480860,1552,1552,27.5034885,7919.52539,1388.16523,1296.24368,"target=2*clip(log10(max(rho,1e-8)),-2,5)/15",0.01,100000,0.191918371,0.519826554,0.377625551,0.078339315,/mnt/fillipo/huangbei/pixieverse/render_outputs,One base full material_grid.npy per PixieVerse object.
base_material_grid,rho,kg_m3,log10,21,1.0625,1.20833333,10^1.06..10^1.21,0,0,57480860,1552,1552,27.5034885,7919.52539,1388.16523,1296.24368,"target=2*clip(log10(max(rho,1e-8)),-2,5)/15",0.01,100000,0.191918371,0.519826554,0.377625551,0.078339315,/mnt/fillipo/huangbei/pixieverse/render_outputs,One base full material_grid.npy per PixieVerse object.
base_material_grid,rho,kg_m3,log10,22,1.20833333,1.35416667,10^1.21..10^1.35,0,0,57480860,1552,1552,27.5034885,7919.52539,1388.16523,1296.24368,"target=2*clip(log10(max(rho,1e-8)),-2,5)/15",0.01,100000,0.191918371,0.519826554,0.377625551,0.078339315,/mnt/fillipo/huangbei/pixieverse/render_outputs,One base full material_grid.npy per PixieVerse object.
base_material_grid,rho,kg_m3,log10,23,1.35416667,1.5,10^1.35..10^1.5,179,3.11408006e-06,57480860,1552,1552,27.5034885,7919.52539,1388.16523,1296.24368,"target=2*clip(log10(max(rho,1e-8)),-2,5)/15",0.01,100000,0.191918371,0.519826554,0.377625551,0.078339315,/mnt/fillipo/huangbei/pixieverse/render_outputs,One base full material_grid.npy per PixieVerse object.
base_material_grid,rho,kg_m3,log10,24,1.5,1.64583333,10^1.5..10^1.65,2344,4.07787914e-05,57480860,1552,1552,27.5034885,7919.52539,1388.16523,1296.24368,"target=2*clip(log10(max(rho,1e-8)),-2,5)/15",0.01,100000,0.191918371,0.519826554,0.377625551,0.078339315,/mnt/fillipo/huangbei/pixieverse/render_outputs,One base full material_grid.npy per PixieVerse object.
base_material_grid,rho,kg_m3,log10,25,1.64583333,1.79166667,10^1.65..10^1.79,24281,0.000422418871,57480860,1552,1552,27.5034885,7919.52539,1388.16523,1296.24368,"target=2*clip(log10(max(rho,1e-8)),-2,5)/15",0.01,100000,0.191918371,0.519826554,0.377625551,0.078339315,/mnt/fillipo/huangbei/pixieverse/render_outputs,One base full material_grid.npy per PixieVerse object.
base_material_grid,rho,kg_m3,log10,26,1.79166667,1.9375,10^1.79..10^1.94,14916,0.000259495074,57480860,1552,1552,27.5034885,7919.52539,1388.16523,1296.24368,"target=2*clip(log10(max(rho,1e-8)),-2,5)/15",0.01,100000,0.191918371,0.519826554,0.377625551,0.078339315,/mnt/fillipo/huangbei/pixieverse/render_outputs,One base full material_grid.npy per PixieVerse object.
base_material_grid,rho,kg_m3,log10,27,1.9375,2.08333333,10^1.94..10^2.08,3641155,0.0633455206,57480860,1552,1552,27.5034885,7919.52539,1388.16523,1296.24368,"target=2*clip(log10(max(rho,1e-8)),-2,5)/15",0.01,100000,0.191918371,0.519826554,0.377625551,0.078339315,/mnt/fillipo/huangbei/pixieverse/render_outputs,One base full material_grid.npy per PixieVerse object.
base_material_grid,rho,kg_m3,log10,28,2.08333333,2.22916667,10^2.08..10^2.23,17691952,0.307788575,57480860,1552,1552,27.5034885,7919.52539,1388.16523,1296.24368,"target=2*clip(log10(max(rho,1e-8)),-2,5)/15",0.01,100000,0.191918371,0.519826554,0.377625551,0.078339315,/mnt/fillipo/huangbei/pixieverse/render_outputs,One base full material_grid.npy per PixieVerse object.
base_material_grid,rho,kg_m3,log10,29,2.22916667,2.375,10^2.23..10^2.38,1763750,0.0306841269,57480860,1552,1552,27.5034885,7919.52539,1388.16523,1296.24368,"target=2*clip(log10(max(rho,1e-8)),-2,5)/15",0.01,100000,0.191918371,0.519826554,0.377625551,0.078339315,/mnt/fillipo/huangbei/pixieverse/render_outputs,One base full material_grid.npy per PixieVerse object.
base_material_grid,rho,kg_m3,log10,30,2.375,2.52083333,10^2.38..10^2.52,690623,0.0120148342,57480860,1552,1552,27.5034885,7919.52539,1388.16523,1296.24368,"target=2*clip(log10(max(rho,1e-8)),-2,5)/15",0.01,100000,0.191918371,0.519826554,0.377625551,0.078339315,/mnt/fillipo/huangbei/pixieverse/render_outputs,One base full material_grid.npy per PixieVerse object.
base_material_grid,rho,kg_m3,log10,31,2.52083333,2.66666667,10^2.52..10^2.67,1261458,0.0219457051,57480860,1552,1552,27.5034885,7919.52539,1388.16523,1296.24368,"target=2*clip(log10(max(rho,1e-8)),-2,5)/15",0.01,100000,0.191918371,0.519826554,0.377625551,0.078339315,/mnt/fillipo/huangbei/pixieverse/render_outputs,One base full material_grid.npy per PixieVerse object.
base_material_grid,rho,kg_m3,log10,32,2.66666667,2.8125,10^2.67..10^2.81,815241,0.0141828254,57480860,1552,1552,27.5034885,7919.52539,1388.16523,1296.24368,"target=2*clip(log10(max(rho,1e-8)),-2,5)/15",0.01,100000,0.191918371,0.519826554,0.377625551,0.078339315,/mnt/fillipo/huangbei/pixieverse/render_outputs,One base full material_grid.npy per PixieVerse object.
base_material_grid,rho,kg_m3,log10,33,2.8125,2.95833333,10^2.81..10^2.96,3349485,0.0582713098,57480860,1552,1552,27.5034885,7919.52539,1388.16523,1296.24368,"target=2*clip(log10(max(rho,1e-8)),-2,5)/15",0.01,100000,0.191918371,0.519826554,0.377625551,0.078339315,/mnt/fillipo/huangbei/pixieverse/render_outputs,One base full material_grid.npy per PixieVerse object.
base_material_grid,rho,kg_m3,log10,34,2.95833333,3.10416667,10^2.96..10^3.1,485718,0.00845008234,57480860,1552,1552,27.5034885,7919.52539,1388.16523,1296.24368,"target=2*clip(log10(max(rho,1e-8)),-2,5)/15",0.01,100000,0.191918371,0.519826554,0.377625551,0.078339315,/mnt/fillipo/huangbei/pixieverse/render_outputs,One base full material_grid.npy per PixieVerse object.
base_material_grid,rho,kg_m3,log10,35,3.10416667,3.25,10^3.1..10^3.25,2005330,0.0348869171,57480860,1552,1552,27.5034885,7919.52539,1388.16523,1296.24368,"target=2*clip(log10(max(rho,1e-8)),-2,5)/15",0.01,100000,0.191918371,0.519826554,0.377625551,0.078339315,/mnt/fillipo/huangbei/pixieverse/render_outputs,One base full material_grid.npy per PixieVerse object.
base_material_grid,rho,kg_m3,log10,36,3.25,3.39583333,10^3.25..10^3.4,3543895,0.0616534791,57480860,1552,1552,27.5034885,7919.52539,1388.16523,1296.24368,"target=2*clip(log10(max(rho,1e-8)),-2,5)/15",0.01,100000,0.191918371,0.519826554,0.377625551,0.078339315,/mnt/fillipo/huangbei/pixieverse/render_outputs,One base full material_grid.npy per PixieVerse object.
base_material_grid,rho,kg_m3,log10,37,3.39583333,3.54166667,10^3.4..10^3.54,21784975,0.378995286,57480860,1552,1552,27.5034885,7919.52539,1388.16523,1296.24368,"target=2*clip(log10(max(rho,1e-8)),-2,5)/15",0.01,100000,0.191918371,0.519826554,0.377625551,0.078339315,/mnt/fillipo/huangbei/pixieverse/render_outputs,One base full material_grid.npy per PixieVerse object.
base_material_grid,rho,kg_m3,log10,38,3.54166667,3.6875,10^3.54..10^3.69,0,0,57480860,1552,1552,27.5034885,7919.52539,1388.16523,1296.24368,"target=2*clip(log10(max(rho,1e-8)),-2,5)/15",0.01,100000,0.191918371,0.519826554,0.377625551,0.078339315,/mnt/fillipo/huangbei/pixieverse/render_outputs,One base full material_grid.npy per PixieVerse object.
base_material_grid,rho,kg_m3,log10,39,3.6875,3.83333333,10^3.69..10^3.83,0,0,57480860,1552,1552,27.5034885,7919.52539,1388.16523,1296.24368,"target=2*clip(log10(max(rho,1e-8)),-2,5)/15",0.01,100000,0.191918371,0.519826554,0.377625551,0.078339315,/mnt/fillipo/huangbei/pixieverse/render_outputs,One base full material_grid.npy per PixieVerse object.
base_material_grid,rho,kg_m3,log10,40,3.83333333,3.97916667,10^3.83..10^3.98,405558,0.00705553118,57480860,1552,1552,27.5034885,7919.52539,1388.16523,1296.24368,"target=2*clip(log10(max(rho,1e-8)),-2,5)/15",0.01,100000,0.191918371,0.519826554,0.377625551,0.078339315,/mnt/fillipo/huangbei/pixieverse/render_outputs,One base full material_grid.npy per PixieVerse object.
base_material_grid,rho,kg_m3,log10,41,3.97916667,4.125,10^3.98..10^4.12,0,0,57480860,1552,1552,27.5034885,7919.52539,1388.16523,1296.24368,"target=2*clip(log10(max(rho,1e-8)),-2,5)/15",0.01,100000,0.191918371,0.519826554,0.377625551,0.078339315,/mnt/fillipo/huangbei/pixieverse/render_outputs,One base full material_grid.npy per PixieVerse object.
base_material_grid,rho,kg_m3,log10,42,4.125,4.27083333,10^4.12..10^4.27,0,0,57480860,1552,1552,27.5034885,7919.52539,1388.16523,1296.24368,"target=2*clip(log10(max(rho,1e-8)),-2,5)/15",0.01,100000,0.191918371,0.519826554,0.377625551,0.078339315,/mnt/fillipo/huangbei/pixieverse/render_outputs,One base full material_grid.npy per PixieVerse object.
base_material_grid,rho,kg_m3,log10,43,4.27083333,4.41666667,10^4.27..10^4.42,0,0,57480860,1552,1552,27.5034885,7919.52539,1388.16523,1296.24368,"target=2*clip(log10(max(rho,1e-8)),-2,5)/15",0.01,100000,0.191918371,0.519826554,0.377625551,0.078339315,/mnt/fillipo/huangbei/pixieverse/render_outputs,One base full material_grid.npy per PixieVerse object.
base_material_grid,rho,kg_m3,log10,44,4.41666667,4.5625,10^4.42..10^4.56,0,0,57480860,1552,1552,27.5034885,7919.52539,1388.16523,1296.24368,"target=2*clip(log10(max(rho,1e-8)),-2,5)/15",0.01,100000,0.191918371,0.519826554,0.377625551,0.078339315,/mnt/fillipo/huangbei/pixieverse/render_outputs,One base full material_grid.npy per PixieVerse object.
base_material_grid,rho,kg_m3,log10,45,4.5625,4.70833333,10^4.56..10^4.71,0,0,57480860,1552,1552,27.5034885,7919.52539,1388.16523,1296.24368,"target=2*clip(log10(max(rho,1e-8)),-2,5)/15",0.01,100000,0.191918371,0.519826554,0.377625551,0.078339315,/mnt/fillipo/huangbei/pixieverse/render_outputs,One base full material_grid.npy per PixieVerse object.
base_material_grid,rho,kg_m3,log10,46,4.70833333,4.85416667,10^4.71..10^4.85,0,0,57480860,1552,1552,27.5034885,7919.52539,1388.16523,1296.24368,"target=2*clip(log10(max(rho,1e-8)),-2,5)/15",0.01,100000,0.191918371,0.519826554,0.377625551,0.078339315,/mnt/fillipo/huangbei/pixieverse/render_outputs,One base full material_grid.npy per PixieVerse object.
base_material_grid,rho,kg_m3,log10,47,4.85416667,5,10^4.85..10^5,0,0,57480860,1552,1552,27.5034885,7919.52539,1388.16523,1296.24368,"target=2*clip(log10(max(rho,1e-8)),-2,5)/15",0.01,100000,0.191918371,0.519826554,0.377625551,0.078339315,/mnt/fillipo/huangbei/pixieverse/render_outputs,One base full material_grid.npy per PixieVerse object.
base_material_grid,E,Pa,log10,nonpositive,,0,<=0,0,0,57480860,1552,1552,1043.03784,2.04303794e+11,1.48664435e+09,1.70970593e+10,"target=2*clip(log10(max(E,1e-8)),-2,13)/15",0.01,1e+13,0.402440009,1.50803686,0.822045013,0.216205949,/mnt/fillipo/huangbei/pixieverse/render_outputs,One base full material_grid.npy per PixieVerse object.
base_material_grid,E,Pa,log10,underflow,,-2,<-2,0,0,57480860,1552,1552,1043.03784,2.04303794e+11,1.48664435e+09,1.70970593e+10,"target=2*clip(log10(max(E,1e-8)),-2,13)/15",0.01,1e+13,0.402440009,1.50803686,0.822045013,0.216205949,/mnt/fillipo/huangbei/pixieverse/render_outputs,One base full material_grid.npy per PixieVerse object.
base_material_grid,E,Pa,log10,overflow,13,,>=13,0,0,57480860,1552,1552,1043.03784,2.04303794e+11,1.48664435e+09,1.70970593e+10,"target=2*clip(log10(max(E,1e-8)),-2,13)/15",0.01,1e+13,0.402440009,1.50803686,0.822045013,0.216205949,/mnt/fillipo/huangbei/pixieverse/render_outputs,One base full material_grid.npy per PixieVerse object.
base_material_grid,E,Pa,log10,0,-2,-1.6875,10^-2..10^-1.69,0,0,57480860,1552,1552,1043.03784,2.04303794e+11,1.48664435e+09,1.70970593e+10,"target=2*clip(log10(max(E,1e-8)),-2,13)/15",0.01,1e+13,0.402440009,1.50803686,0.822045013,0.216205949,/mnt/fillipo/huangbei/pixieverse/render_outputs,One base full material_grid.npy per PixieVerse object.
base_material_grid,E,Pa,log10,1,-1.6875,-1.375,10^-1.69..10^-1.38,0,0,57480860,1552,1552,1043.03784,2.04303794e+11,1.48664435e+09,1.70970593e+10,"target=2*clip(log10(max(E,1e-8)),-2,13)/15",0.01,1e+13,0.402440009,1.50803686,0.822045013,0.216205949,/mnt/fillipo/huangbei/pixieverse/render_outputs,One base full material_grid.npy per PixieVerse object.
base_material_grid,E,Pa,log10,2,-1.375,-1.0625,10^-1.38..10^-1.06,0,0,57480860,1552,1552,1043.03784,2.04303794e+11,1.48664435e+09,1.70970593e+10,"target=2*clip(log10(max(E,1e-8)),-2,13)/15",0.01,1e+13,0.402440009,1.50803686,0.822045013,0.216205949,/mnt/fillipo/huangbei/pixieverse/render_outputs,One base full material_grid.npy per PixieVerse object.
base_material_grid,E,Pa,log10,3,-1.0625,-0.75,10^-1.06..10^-0.75,0,0,57480860,1552,1552,1043.03784,2.04303794e+11,1.48664435e+09,1.70970593e+10,"target=2*clip(log10(max(E,1e-8)),-2,13)/15",0.01,1e+13,0.402440009,1.50803686,0.822045013,0.216205949,/mnt/fillipo/huangbei/pixieverse/render_outputs,One base full material_grid.npy per PixieVerse object.
base_material_grid,E,Pa,log10,4,-0.75,-0.4375,10^-0.75..10^-0.438,0,0,57480860,1552,1552,1043.03784,2.04303794e+11,1.48664435e+09,1.70970593e+10,"target=2*clip(log10(max(E,1e-8)),-2,13)/15",0.01,1e+13,0.402440009,1.50803686,0.822045013,0.216205949,/mnt/fillipo/huangbei/pixieverse/render_outputs,One base full material_grid.npy per PixieVerse object.
base_material_grid,E,Pa,log10,5,-0.4375,-0.125,10^-0.438..10^-0.125,0,0,57480860,1552,1552,1043.03784,2.04303794e+11,1.48664435e+09,1.70970593e+10,"target=2*clip(log10(max(E,1e-8)),-2,13)/15",0.01,1e+13,0.402440009,1.50803686,0.822045013,0.216205949,/mnt/fillipo/huangbei/pixieverse/render_outputs,One base full material_grid.npy per PixieVerse object.
base_material_grid,E,Pa,log10,6,-0.125,0.1875,10^-0.125..10^0.188,0,0,57480860,1552,1552,1043.03784,2.04303794e+11,1.48664435e+09,1.70970593e+10,"target=2*clip(log10(max(E,1e-8)),-2,13)/15",0.01,1e+13,0.402440009,1.50803686,0.822045013,0.216205949,/mnt/fillipo/huangbei/pixieverse/render_outputs,One base full material_grid.npy per PixieVerse object.
base_material_grid,E,Pa,log10,7,0.1875,0.5,10^0.188..10^0.5,0,0,57480860,1552,1552,1043.03784,2.04303794e+11,1.48664435e+09,1.70970593e+10,"target=2*clip(log10(max(E,1e-8)),-2,13)/15",0.01,1e+13,0.402440009,1.50803686,0.822045013,0.216205949,/mnt/fillipo/huangbei/pixieverse/render_outputs,One base full material_grid.npy per PixieVerse object.
base_material_grid,E,Pa,log10,8,0.5,0.8125,10^0.5..10^0.812,0,0,57480860,1552,1552,1043.03784,2.04303794e+11,1.48664435e+09,1.70970593e+10,"target=2*clip(log10(max(E,1e-8)),-2,13)/15",0.01,1e+13,0.402440009,1.50803686,0.822045013,0.216205949,/mnt/fillipo/huangbei/pixieverse/render_outputs,One base full material_grid.npy per PixieVerse object.
base_material_grid,E,Pa,log10,9,0.8125,1.125,10^0.812..10^1.12,0,0,57480860,1552,1552,1043.03784,2.04303794e+11,1.48664435e+09,1.70970593e+10,"target=2*clip(log10(max(E,1e-8)),-2,13)/15",0.01,1e+13,0.402440009,1.50803686,0.822045013,0.216205949,/mnt/fillipo/huangbei/pixieverse/render_outputs,One base full material_grid.npy per PixieVerse object.
base_material_grid,E,Pa,log10,10,1.125,1.4375,10^1.12..10^1.44,0,0,57480860,1552,1552,1043.03784,2.04303794e+11,1.48664435e+09,1.70970593e+10,"target=2*clip(log10(max(E,1e-8)),-2,13)/15",0.01,1e+13,0.402440009,1.50803686,0.822045013,0.216205949,/mnt/fillipo/huangbei/pixieverse/render_outputs,One base full material_grid.npy per PixieVerse object.
base_material_grid,E,Pa,log10,11,1.4375,1.75,10^1.44..10^1.75,0,0,57480860,1552,1552,1043.03784,2.04303794e+11,1.48664435e+09,1.70970593e+10,"target=2*clip(log10(max(E,1e-8)),-2,13)/15",0.01,1e+13,0.402440009,1.50803686,0.822045013,0.216205949,/mnt/fillipo/huangbei/pixieverse/render_outputs,One base full material_grid.npy per PixieVerse object.
base_material_grid,E,Pa,log10,12,1.75,2.0625,10^1.75..10^2.06,0,0,57480860,1552,1552,1043.03784,2.04303794e+11,1.48664435e+09,1.70970593e+10,"target=2*clip(log10(max(E,1e-8)),-2,13)/15",0.01,1e+13,0.402440009,1.50803686,0.822045013,0.216205949,/mnt/fillipo/huangbei/pixieverse/render_outputs,One base full material_grid.npy per PixieVerse object.
base_material_grid,E,Pa,log10,13,2.0625,2.375,10^2.06..10^2.38,0,0,57480860,1552,1552,1043.03784,2.04303794e+11,1.48664435e+09,1.70970593e+10,"target=2*clip(log10(max(E,1e-8)),-2,13)/15",0.01,1e+13,0.402440009,1.50803686,0.822045013,0.216205949,/mnt/fillipo/huangbei/pixieverse/render_outputs,One base full material_grid.npy per PixieVerse object.
base_material_grid,E,Pa,log10,14,2.375,2.6875,10^2.38..10^2.69,0,0,57480860,1552,1552,1043.03784,2.04303794e+11,1.48664435e+09,1.70970593e+10,"target=2*clip(log10(max(E,1e-8)),-2,13)/15",0.01,1e+13,0.402440009,1.50803686,0.822045013,0.216205949,/mnt/fillipo/huangbei/pixieverse/render_outputs,One base full material_grid.npy per PixieVerse object.
base_material_grid,E,Pa,log10,15,2.6875,3,10^2.69..10^3,0,0,57480860,1552,1552,1043.03784,2.04303794e+11,1.48664435e+09,1.70970593e+10,"target=2*clip(log10(max(E,1e-8)),-2,13)/15",0.01,1e+13,0.402440009,1.50803686,0.822045013,0.216205949,/mnt/fillipo/huangbei/pixieverse/render_outputs,One base full material_grid.npy per PixieVerse object.
base_material_grid,E,Pa,log10,16,3,3.3125,10^3..10^3.31,258156,0.00449116454,57480860,1552,1552,1043.03784,2.04303794e+11,1.48664435e+09,1.70970593e+10,"target=2*clip(log10(max(E,1e-8)),-2,13)/15",0.01,1e+13,0.402440009,1.50803686,0.822045013,0.216205949,/mnt/fillipo/huangbei/pixieverse/render_outputs,One base full material_grid.npy per PixieVerse object.
base_material_grid,E,Pa,log10,17,3.3125,3.625,10^3.31..10^3.62,5809,0.000101059727,57480860,1552,1552,1043.03784,2.04303794e+11,1.48664435e+09,1.70970593e+10,"target=2*clip(log10(max(E,1e-8)),-2,13)/15",0.01,1e+13,0.402440009,1.50803686,0.822045013,0.216205949,/mnt/fillipo/huangbei/pixieverse/render_outputs,One base full material_grid.npy per PixieVerse object.
base_material_grid,E,Pa,log10,18,3.625,3.9375,10^3.62..10^3.94,322981,0.00561893124,57480860,1552,1552,1043.03784,2.04303794e+11,1.48664435e+09,1.70970593e+10,"target=2*clip(log10(max(E,1e-8)),-2,13)/15",0.01,1e+13,0.402440009,1.50803686,0.822045013,0.216205949,/mnt/fillipo/huangbei/pixieverse/render_outputs,One base full material_grid.npy per PixieVerse object.
base_material_grid,E,Pa,log10,19,3.9375,4.25,10^3.94..10^4.25,658522,0.01145637,57480860,1552,1552,1043.03784,2.04303794e+11,1.48664435e+09,1.70970593e+10,"target=2*clip(log10(max(E,1e-8)),-2,13)/15",0.01,1e+13,0.402440009,1.50803686,0.822045013,0.216205949,/mnt/fillipo/huangbei/pixieverse/render_outputs,One base full material_grid.npy per PixieVerse object.
base_material_grid,E,Pa,log10,20,4.25,4.5625,10^4.25..10^4.56,1281865,0.0223007276,57480860,1552,1552,1043.03784,2.04303794e+11,1.48664435e+09,1.70970593e+10,"target=2*clip(log10(max(E,1e-8)),-2,13)/15",0.01,1e+13,0.402440009,1.50803686,0.822045013,0.216205949,/mnt/fillipo/huangbei/pixieverse/render_outputs,One base full material_grid.npy per PixieVerse object.
base_material_grid,E,Pa,log10,21,4.5625,4.875,10^4.56..10^4.88,23217159,0.403911128,57480860,1552,1552,1043.03784,2.04303794e+11,1.48664435e+09,1.70970593e+10,"target=2*clip(log10(max(E,1e-8)),-2,13)/15",0.01,1e+13,0.402440009,1.50803686,0.822045013,0.216205949,/mnt/fillipo/huangbei/pixieverse/render_outputs,One base full material_grid.npy per PixieVerse object.
base_material_grid,E,Pa,log10,22,4.875,5.1875,10^4.88..10^5.19,3627745,0.0631122255,57480860,1552,1552,1043.03784,2.04303794e+11,1.48664435e+09,1.70970593e+10,"target=2*clip(log10(max(E,1e-8)),-2,13)/15",0.01,1e+13,0.402440009,1.50803686,0.822045013,0.216205949,/mnt/fillipo/huangbei/pixieverse/render_outputs,One base full material_grid.npy per PixieVerse object.
base_material_grid,E,Pa,log10,23,5.1875,5.5,10^5.19..10^5.5,575282,0.0100082358,57480860,1552,1552,1043.03784,2.04303794e+11,1.48664435e+09,1.70970593e+10,"target=2*clip(log10(max(E,1e-8)),-2,13)/15",0.01,1e+13,0.402440009,1.50803686,0.822045013,0.216205949,/mnt/fillipo/huangbei/pixieverse/render_outputs,One base full material_grid.npy per PixieVerse object.
base_material_grid,E,Pa,log10,24,5.5,5.8125,10^5.5..10^5.81,1196246,0.0208112057,57480860,1552,1552,1043.03784,2.04303794e+11,1.48664435e+09,1.70970593e+10,"target=2*clip(log10(max(E,1e-8)),-2,13)/15",0.01,1e+13,0.402440009,1.50803686,0.822045013,0.216205949,/mnt/fillipo/huangbei/pixieverse/render_outputs,One base full material_grid.npy per PixieVerse object.
base_material_grid,E,Pa,log10,25,5.8125,6.125,10^5.81..10^6.12,2543981,0.0442578799,57480860,1552,1552,1043.03784,2.04303794e+11,1.48664435e+09,1.70970593e+10,"target=2*clip(log10(max(E,1e-8)),-2,13)/15",0.01,1e+13,0.402440009,1.50803686,0.822045013,0.216205949,/mnt/fillipo/huangbei/pixieverse/render_outputs,One base full material_grid.npy per PixieVerse object.
base_material_grid,E,Pa,log10,26,6.125,6.4375,10^6.12..10^6.44,171604,0.00298541114,57480860,1552,1552,1043.03784,2.04303794e+11,1.48664435e+09,1.70970593e+10,"target=2*clip(log10(max(E,1e-8)),-2,13)/15",0.01,1e+13,0.402440009,1.50803686,0.822045013,0.216205949,/mnt/fillipo/huangbei/pixieverse/render_outputs,One base full material_grid.npy per PixieVerse object.
base_material_grid,E,Pa,log10,27,6.4375,6.75,10^6.44..10^6.75,306849,0.0053382813,57480860,1552,1552,1043.03784,2.04303794e+11,1.48664435e+09,1.70970593e+10,"target=2*clip(log10(max(E,1e-8)),-2,13)/15",0.01,1e+13,0.402440009,1.50803686,0.822045013,0.216205949,/mnt/fillipo/huangbei/pixieverse/render_outputs,One base full material_grid.npy per PixieVerse object.
base_material_grid,E,Pa,log10,28,6.75,7.0625,10^6.75..10^7.06,46376,0.000806807692,57480860,1552,1552,1043.03784,2.04303794e+11,1.48664435e+09,1.70970593e+10,"target=2*clip(log10(max(E,1e-8)),-2,13)/15",0.01,1e+13,0.402440009,1.50803686,0.822045013,0.216205949,/mnt/fillipo/huangbei/pixieverse/render_outputs,One base full material_grid.npy per PixieVerse object.
base_material_grid,E,Pa,log10,29,7.0625,7.375,10^7.06..10^7.38,183018,0.00318398159,57480860,1552,1552,1043.03784,2.04303794e+11,1.48664435e+09,1.70970593e+10,"target=2*clip(log10(max(E,1e-8)),-2,13)/15",0.01,1e+13,0.402440009,1.50803686,0.822045013,0.216205949,/mnt/fillipo/huangbei/pixieverse/render_outputs,One base full material_grid.npy per PixieVerse object.
base_material_grid,E,Pa,log10,30,7.375,7.6875,10^7.38..10^7.69,67903,0.00118131496,57480860,1552,1552,1043.03784,2.04303794e+11,1.48664435e+09,1.70970593e+10,"target=2*clip(log10(max(E,1e-8)),-2,13)/15",0.01,1e+13,0.402440009,1.50803686,0.822045013,0.216205949,/mnt/fillipo/huangbei/pixieverse/render_outputs,One base full material_grid.npy per PixieVerse object.
base_material_grid,E,Pa,log10,31,7.6875,8,10^7.69..10^8,3389433,0.058966289,57480860,1552,1552,1043.03784,2.04303794e+11,1.48664435e+09,1.70970593e+10,"target=2*clip(log10(max(E,1e-8)),-2,13)/15",0.01,1e+13,0.402440009,1.50803686,0.822045013,0.216205949,/mnt/fillipo/huangbei/pixieverse/render_outputs,One base full material_grid.npy per PixieVerse object.
base_material_grid,E,Pa,log10,32,8,8.3125,10^8..10^8.31,18920068,0.329154226,57480860,1552,1552,1043.03784,2.04303794e+11,1.48664435e+09,1.70970593e+10,"target=2*clip(log10(max(E,1e-8)),-2,13)/15",0.01,1e+13,0.402440009,1.50803686,0.822045013,0.216205949,/mnt/fillipo/huangbei/pixieverse/render_outputs,One base full material_grid.npy per PixieVerse object.
base_material_grid,E,Pa,log10,33,8.3125,8.625,10^8.31..10^8.62,181917,0.00316482739,57480860,1552,1552,1043.03784,2.04303794e+11,1.48664435e+09,1.70970593e+10,"target=2*clip(log10(max(E,1e-8)),-2,13)/15",0.01,1e+13,0.402440009,1.50803686,0.822045013,0.216205949,/mnt/fillipo/huangbei/pixieverse/render_outputs,One base full material_grid.npy per PixieVerse object.
base_material_grid,E,Pa,log10,34,8.625,8.9375,10^8.62..10^8.94,25714,0.000447348909,57480860,1552,1552,1043.03784,2.04303794e+11,1.48664435e+09,1.70970593e+10,"target=2*clip(log10(max(E,1e-8)),-2,13)/15",0.01,1e+13,0.402440009,1.50803686,0.822045013,0.216205949,/mnt/fillipo/huangbei/pixieverse/render_outputs,One base full material_grid.npy per PixieVerse object.
base_material_grid,E,Pa,log10,35,8.9375,9.25,10^8.94..10^9.25,23151,0.000402760154,57480860,1552,1552,1043.03784,2.04303794e+11,1.48664435e+09,1.70970593e+10,"target=2*clip(log10(max(E,1e-8)),-2,13)/15",0.01,1e+13,0.402440009,1.50803686,0.822045013,0.216205949,/mnt/fillipo/huangbei/pixieverse/render_outputs,One base full material_grid.npy per PixieVerse object.
base_material_grid,E,Pa,log10,36,9.25,9.5625,10^9.25..10^9.56,63016,0.00109629536,57480860,1552,1552,1043.03784,2.04303794e+11,1.48664435e+09,1.70970593e+10,"target=2*clip(log10(max(E,1e-8)),-2,13)/15",0.01,1e+13,0.402440009,1.50803686,0.822045013,0.216205949,/mnt/fillipo/huangbei/pixieverse/render_outputs,One base full material_grid.npy per PixieVerse object.
base_material_grid,E,Pa,log10,37,9.5625,9.875,10^9.56..10^9.88,8507,0.00014799709,57480860,1552,1552,1043.03784,2.04303794e+11,1.48664435e+09,1.70970593e+10,"target=2*clip(log10(max(E,1e-8)),-2,13)/15",0.01,1e+13,0.402440009,1.50803686,0.822045013,0.216205949,/mnt/fillipo/huangbei/pixieverse/render_outputs,One base full material_grid.npy per PixieVerse object.
base_material_grid,E,Pa,log10,38,9.875,10.1875,10^9.88..10^10.2,0,0,57480860,1552,1552,1043.03784,2.04303794e+11,1.48664435e+09,1.70970593e+10,"target=2*clip(log10(max(E,1e-8)),-2,13)/15",0.01,1e+13,0.402440009,1.50803686,0.822045013,0.216205949,/mnt/fillipo/huangbei/pixieverse/render_outputs,One base full material_grid.npy per PixieVerse object.
base_material_grid,E,Pa,log10,39,10.1875,10.5,10^10.2..10^10.5,0,0,57480860,1552,1552,1043.03784,2.04303794e+11,1.48664435e+09,1.70970593e+10,"target=2*clip(log10(max(E,1e-8)),-2,13)/15",0.01,1e+13,0.402440009,1.50803686,0.822045013,0.216205949,/mnt/fillipo/huangbei/pixieverse/render_outputs,One base full material_grid.npy per PixieVerse object.
base_material_grid,E,Pa,log10,40,10.5,10.8125,10^10.5..10^10.8,0,0,57480860,1552,1552,1043.03784,2.04303794e+11,1.48664435e+09,1.70970593e+10,"target=2*clip(log10(max(E,1e-8)),-2,13)/15",0.01,1e+13,0.402440009,1.50803686,0.822045013,0.216205949,/mnt/fillipo/huangbei/pixieverse/render_outputs,One base full material_grid.npy per PixieVerse object.
base_material_grid,E,Pa,log10,41,10.8125,11.125,10^10.8..10^11.1,0,0,57480860,1552,1552,1043.03784,2.04303794e+11,1.48664435e+09,1.70970593e+10,"target=2*clip(log10(max(E,1e-8)),-2,13)/15",0.01,1e+13,0.402440009,1.50803686,0.822045013,0.216205949,/mnt/fillipo/huangbei/pixieverse/render_outputs,One base full material_grid.npy per PixieVerse object.
base_material_grid,E,Pa,log10,42,11.125,11.4375,10^11.1..10^11.4,405558,0.00705553118,57480860,1552,1552,1043.03784,2.04303794e+11,1.48664435e+09,1.70970593e+10,"target=2*clip(log10(max(E,1e-8)),-2,13)/15",0.01,1e+13,0.402440009,1.50803686,0.822045013,0.216205949,/mnt/fillipo/huangbei/pixieverse/render_outputs,One base full material_grid.npy per PixieVerse object.
base_material_grid,E,Pa,log10,43,11.4375,11.75,10^11.4..10^11.8,0,0,57480860,1552,1552,1043.03784,2.04303794e+11,1.48664435e+09,1.70970593e+10,"target=2*clip(log10(max(E,1e-8)),-2,13)/15",0.01,1e+13,0.402440009,1.50803686,0.822045013,0.216205949,/mnt/fillipo/huangbei/pixieverse/render_outputs,One base full material_grid.npy per PixieVerse object.
base_material_grid,E,Pa,log10,44,11.75,12.0625,10^11.8..10^12.1,0,0,57480860,1552,1552,1043.03784,2.04303794e+11,1.48664435e+09,1.70970593e+10,"target=2*clip(log10(max(E,1e-8)),-2,13)/15",0.01,1e+13,0.402440009,1.50803686,0.822045013,0.216205949,/mnt/fillipo/huangbei/pixieverse/render_outputs,One base full material_grid.npy per PixieVerse object.
base_material_grid,E,Pa,log10,45,12.0625,12.375,10^12.1..10^12.4,0,0,57480860,1552,1552,1043.03784,2.04303794e+11,1.48664435e+09,1.70970593e+10,"target=2*clip(log10(max(E,1e-8)),-2,13)/15",0.01,1e+13,0.402440009,1.50803686,0.822045013,0.216205949,/mnt/fillipo/huangbei/pixieverse/render_outputs,One base full material_grid.npy per PixieVerse object.
base_material_grid,E,Pa,log10,46,12.375,12.6875,10^12.4..10^12.7,0,0,57480860,1552,1552,1043.03784,2.04303794e+11,1.48664435e+09,1.70970593e+10,"target=2*clip(log10(max(E,1e-8)),-2,13)/15",0.01,1e+13,0.402440009,1.50803686,0.822045013,0.216205949,/mnt/fillipo/huangbei/pixieverse/render_outputs,One base full material_grid.npy per PixieVerse object.
base_material_grid,E,Pa,log10,47,12.6875,13,10^12.7..10^13,0,0,57480860,1552,1552,1043.03784,2.04303794e+11,1.48664435e+09,1.70970593e+10,"target=2*clip(log10(max(E,1e-8)),-2,13)/15",0.01,1e+13,0.402440009,1.50803686,0.822045013,0.216205949,/mnt/fillipo/huangbei/pixieverse/render_outputs,One base full material_grid.npy per PixieVerse object.
base_material_grid,nu,ratio,linear,underflow,,0.01,<0.01,0,0,57480860,1552,1552,0.15288949,0.496366262,0.334117142,0.0491734653,"target=2*(clip(nu,0.01,0.50)-0.01)/0.49-1",0.01,0.5,-0.416777591,0.985168418,0.32292711,0.200708022,/mnt/fillipo/huangbei/pixieverse/render_outputs,One base full material_grid.npy per PixieVerse object.
base_material_grid,nu,ratio,linear,overflow,0.5,,>=0.5,0,0,57480860,1552,1552,0.15288949,0.496366262,0.334117142,0.0491734653,"target=2*(clip(nu,0.01,0.50)-0.01)/0.49-1",0.01,0.5,-0.416777591,0.985168418,0.32292711,0.200708022,/mnt/fillipo/huangbei/pixieverse/render_outputs,One base full material_grid.npy per PixieVerse object.
base_material_grid,nu,ratio,linear,0,0.01,0.0198,0.01..0.0198,0,0,57480860,1552,1552,0.15288949,0.496366262,0.334117142,0.0491734653,"target=2*(clip(nu,0.01,0.50)-0.01)/0.49-1",0.01,0.5,-0.416777591,0.985168418,0.32292711,0.200708022,/mnt/fillipo/huangbei/pixieverse/render_outputs,One base full material_grid.npy per PixieVerse object.
base_material_grid,nu,ratio,linear,1,0.0198,0.0296,0.0198..0.0296,0,0,57480860,1552,1552,0.15288949,0.496366262,0.334117142,0.0491734653,"target=2*(clip(nu,0.01,0.50)-0.01)/0.49-1",0.01,0.5,-0.416777591,0.985168418,0.32292711,0.200708022,/mnt/fillipo/huangbei/pixieverse/render_outputs,One base full material_grid.npy per PixieVerse object.
base_material_grid,nu,ratio,linear,2,0.0296,0.0394,0.0296..0.0394,0,0,57480860,1552,1552,0.15288949,0.496366262,0.334117142,0.0491734653,"target=2*(clip(nu,0.01,0.50)-0.01)/0.49-1",0.01,0.5,-0.416777591,0.985168418,0.32292711,0.200708022,/mnt/fillipo/huangbei/pixieverse/render_outputs,One base full material_grid.npy per PixieVerse object.
base_material_grid,nu,ratio,linear,3,0.0394,0.0492,0.0394..0.0492,0,0,57480860,1552,1552,0.15288949,0.496366262,0.334117142,0.0491734653,"target=2*(clip(nu,0.01,0.50)-0.01)/0.49-1",0.01,0.5,-0.416777591,0.985168418,0.32292711,0.200708022,/mnt/fillipo/huangbei/pixieverse/render_outputs,One base full material_grid.npy per PixieVerse object.
base_material_grid,nu,ratio,linear,4,0.0492,0.059,0.0492..0.059,0,0,57480860,1552,1552,0.15288949,0.496366262,0.334117142,0.0491734653,"target=2*(clip(nu,0.01,0.50)-0.01)/0.49-1",0.01,0.5,-0.416777591,0.985168418,0.32292711,0.200708022,/mnt/fillipo/huangbei/pixieverse/render_outputs,One base full material_grid.npy per PixieVerse object.
base_material_grid,nu,ratio,linear,5,0.059,0.0688,0.059..0.0688,0,0,57480860,1552,1552,0.15288949,0.496366262,0.334117142,0.0491734653,"target=2*(clip(nu,0.01,0.50)-0.01)/0.49-1",0.01,0.5,-0.416777591,0.985168418,0.32292711,0.200708022,/mnt/fillipo/huangbei/pixieverse/render_outputs,One base full material_grid.npy per PixieVerse object.
base_material_grid,nu,ratio,linear,6,0.0688,0.0786,0.0688..0.0786,0,0,57480860,1552,1552,0.15288949,0.496366262,0.334117142,0.0491734653,"target=2*(clip(nu,0.01,0.50)-0.01)/0.49-1",0.01,0.5,-0.416777591,0.985168418,0.32292711,0.200708022,/mnt/fillipo/huangbei/pixieverse/render_outputs,One base full material_grid.npy per PixieVerse object.
base_material_grid,nu,ratio,linear,7,0.0786,0.0884,0.0786..0.0884,0,0,57480860,1552,1552,0.15288949,0.496366262,0.334117142,0.0491734653,"target=2*(clip(nu,0.01,0.50)-0.01)/0.49-1",0.01,0.5,-0.416777591,0.985168418,0.32292711,0.200708022,/mnt/fillipo/huangbei/pixieverse/render_outputs,One base full material_grid.npy per PixieVerse object.
base_material_grid,nu,ratio,linear,8,0.0884,0.0982,0.0884..0.0982,0,0,57480860,1552,1552,0.15288949,0.496366262,0.334117142,0.0491734653,"target=2*(clip(nu,0.01,0.50)-0.01)/0.49-1",0.01,0.5,-0.416777591,0.985168418,0.32292711,0.200708022,/mnt/fillipo/huangbei/pixieverse/render_outputs,One base full material_grid.npy per PixieVerse object.
base_material_grid,nu,ratio,linear,9,0.0982,0.108,0.0982..0.108,0,0,57480860,1552,1552,0.15288949,0.496366262,0.334117142,0.0491734653,"target=2*(clip(nu,0.01,0.50)-0.01)/0.49-1",0.01,0.5,-0.416777591,0.985168418,0.32292711,0.200708022,/mnt/fillipo/huangbei/pixieverse/render_outputs,One base full material_grid.npy per PixieVerse object.
base_material_grid,nu,ratio,linear,10,0.108,0.1178,0.108..0.118,0,0,57480860,1552,1552,0.15288949,0.496366262,0.334117142,0.0491734653,"target=2*(clip(nu,0.01,0.50)-0.01)/0.49-1",0.01,0.5,-0.416777591,0.985168418,0.32292711,0.200708022,/mnt/fillipo/huangbei/pixieverse/render_outputs,One base full material_grid.npy per PixieVerse object.
base_material_grid,nu,ratio,linear,11,0.1178,0.1276,0.118..0.128,0,0,57480860,1552,1552,0.15288949,0.496366262,0.334117142,0.0491734653,"target=2*(clip(nu,0.01,0.50)-0.01)/0.49-1",0.01,0.5,-0.416777591,0.985168418,0.32292711,0.200708022,/mnt/fillipo/huangbei/pixieverse/render_outputs,One base full material_grid.npy per PixieVerse object.
base_material_grid,nu,ratio,linear,12,0.1276,0.1374,0.128..0.137,0,0,57480860,1552,1552,0.15288949,0.496366262,0.334117142,0.0491734653,"target=2*(clip(nu,0.01,0.50)-0.01)/0.49-1",0.01,0.5,-0.416777591,0.985168418,0.32292711,0.200708022,/mnt/fillipo/huangbei/pixieverse/render_outputs,One base full material_grid.npy per PixieVerse object.
base_material_grid,nu,ratio,linear,13,0.1374,0.1472,0.137..0.147,0,0,57480860,1552,1552,0.15288949,0.496366262,0.334117142,0.0491734653,"target=2*(clip(nu,0.01,0.50)-0.01)/0.49-1",0.01,0.5,-0.416777591,0.985168418,0.32292711,0.200708022,/mnt/fillipo/huangbei/pixieverse/render_outputs,One base full material_grid.npy per PixieVerse object.
base_material_grid,nu,ratio,linear,14,0.1472,0.157,0.147..0.157,2221,3.86389487e-05,57480860,1552,1552,0.15288949,0.496366262,0.334117142,0.0491734653,"target=2*(clip(nu,0.01,0.50)-0.01)/0.49-1",0.01,0.5,-0.416777591,0.985168418,0.32292711,0.200708022,/mnt/fillipo/huangbei/pixieverse/render_outputs,One base full material_grid.npy per PixieVerse object.
base_material_grid,nu,ratio,linear,15,0.157,0.1668,0.157..0.167,0,0,57480860,1552,1552,0.15288949,0.496366262,0.334117142,0.0491734653,"target=2*(clip(nu,0.01,0.50)-0.01)/0.49-1",0.01,0.5,-0.416777591,0.985168418,0.32292711,0.200708022,/mnt/fillipo/huangbei/pixieverse/render_outputs,One base full material_grid.npy per PixieVerse object.
base_material_grid,nu,ratio,linear,16,0.1668,0.1766,0.167..0.177,0,0,57480860,1552,1552,0.15288949,0.496366262,0.334117142,0.0491734653,"target=2*(clip(nu,0.01,0.50)-0.01)/0.49-1",0.01,0.5,-0.416777591,0.985168418,0.32292711,0.200708022,/mnt/fillipo/huangbei/pixieverse/render_outputs,One base full material_grid.npy per PixieVerse object.
base_material_grid,nu,ratio,linear,17,0.1766,0.1864,0.177..0.186,0,0,57480860,1552,1552,0.15288949,0.496366262,0.334117142,0.0491734653,"target=2*(clip(nu,0.01,0.50)-0.01)/0.49-1",0.01,0.5,-0.416777591,0.985168418,0.32292711,0.200708022,/mnt/fillipo/huangbei/pixieverse/render_outputs,One base full material_grid.npy per PixieVerse object.
base_material_grid,nu,ratio,linear,18,0.1864,0.1962,0.186..0.196,0,0,57480860,1552,1552,0.15288949,0.496366262,0.334117142,0.0491734653,"target=2*(clip(nu,0.01,0.50)-0.01)/0.49-1",0.01,0.5,-0.416777591,0.985168418,0.32292711,0.200708022,/mnt/fillipo/huangbei/pixieverse/render_outputs,One base full material_grid.npy per PixieVerse object.
base_material_grid,nu,ratio,linear,19,0.1962,0.206,0.196..0.206,70440,0.00122545139,57480860,1552,1552,0.15288949,0.496366262,0.334117142,0.0491734653,"target=2*(clip(nu,0.01,0.50)-0.01)/0.49-1",0.01,0.5,-0.416777591,0.985168418,0.32292711,0.200708022,/mnt/fillipo/huangbei/pixieverse/render_outputs,One base full material_grid.npy per PixieVerse object.
base_material_grid,nu,ratio,linear,20,0.206,0.2158,0.206..0.216,2572634,0.0447563589,57480860,1552,1552,0.15288949,0.496366262,0.334117142,0.0491734653,"target=2*(clip(nu,0.01,0.50)-0.01)/0.49-1",0.01,0.5,-0.416777591,0.985168418,0.32292711,0.200708022,/mnt/fillipo/huangbei/pixieverse/render_outputs,One base full material_grid.npy per PixieVerse object.
base_material_grid,nu,ratio,linear,21,0.2158,0.2256,0.216..0.226,75085,0.0013062609,57480860,1552,1552,0.15288949,0.496366262,0.334117142,0.0491734653,"target=2*(clip(nu,0.01,0.50)-0.01)/0.49-1",0.01,0.5,-0.416777591,0.985168418,0.32292711,0.200708022,/mnt/fillipo/huangbei/pixieverse/render_outputs,One base full material_grid.npy per PixieVerse object.
base_material_grid,nu,ratio,linear,22,0.2256,0.2354,0.226..0.235,9611,0.000167203483,57480860,1552,1552,0.15288949,0.496366262,0.334117142,0.0491734653,"target=2*(clip(nu,0.01,0.50)-0.01)/0.49-1",0.01,0.5,-0.416777591,0.985168418,0.32292711,0.200708022,/mnt/fillipo/huangbei/pixieverse/render_outputs,One base full material_grid.npy per PixieVerse object.
base_material_grid,nu,ratio,linear,23,0.2354,0.2452,0.235..0.245,0,0,57480860,1552,1552,0.15288949,0.496366262,0.334117142,0.0491734653,"target=2*(clip(nu,0.01,0.50)-0.01)/0.49-1",0.01,0.5,-0.416777591,0.985168418,0.32292711,0.200708022,/mnt/fillipo/huangbei/pixieverse/render_outputs,One base full material_grid.npy per PixieVerse object.
base_material_grid,nu,ratio,linear,24,0.2452,0.255,0.245..0.255,25944,0.000451350241,57480860,1552,1552,0.15288949,0.496366262,0.334117142,0.0491734653,"target=2*(clip(nu,0.01,0.50)-0.01)/0.49-1",0.01,0.5,-0.416777591,0.985168418,0.32292711,0.200708022,/mnt/fillipo/huangbei/pixieverse/render_outputs,One base full material_grid.npy per PixieVerse object.
base_material_grid,nu,ratio,linear,25,0.255,0.2648,0.255..0.265,1628012,0.0283226799,57480860,1552,1552,0.15288949,0.496366262,0.334117142,0.0491734653,"target=2*(clip(nu,0.01,0.50)-0.01)/0.49-1",0.01,0.5,-0.416777591,0.985168418,0.32292711,0.200708022,/mnt/fillipo/huangbei/pixieverse/render_outputs,One base full material_grid.npy per PixieVerse object.
base_material_grid,nu,ratio,linear,26,0.2648,0.2746,0.265..0.275,0,0,57480860,1552,1552,0.15288949,0.496366262,0.334117142,0.0491734653,"target=2*(clip(nu,0.01,0.50)-0.01)/0.49-1",0.01,0.5,-0.416777591,0.985168418,0.32292711,0.200708022,/mnt/fillipo/huangbei/pixieverse/render_outputs,One base full material_grid.npy per PixieVerse object.
base_material_grid,nu,ratio,linear,27,0.2746,0.2844,0.275..0.284,24468,0.000425672128,57480860,1552,1552,0.15288949,0.496366262,0.334117142,0.0491734653,"target=2*(clip(nu,0.01,0.50)-0.01)/0.49-1",0.01,0.5,-0.416777591,0.985168418,0.32292711,0.200708022,/mnt/fillipo/huangbei/pixieverse/render_outputs,One base full material_grid.npy per PixieVerse object.
base_material_grid,nu,ratio,linear,28,0.2844,0.2942,0.284..0.294,1350040,0.0234867746,57480860,1552,1552,0.15288949,0.496366262,0.334117142,0.0491734653,"target=2*(clip(nu,0.01,0.50)-0.01)/0.49-1",0.01,0.5,-0.416777591,0.985168418,0.32292711,0.200708022,/mnt/fillipo/huangbei/pixieverse/render_outputs,One base full material_grid.npy per PixieVerse object.
base_material_grid,nu,ratio,linear,29,0.2942,0.304,0.294..0.304,255633,0.00444727167,57480860,1552,1552,0.15288949,0.496366262,0.334117142,0.0491734653,"target=2*(clip(nu,0.01,0.50)-0.01)/0.49-1",0.01,0.5,-0.416777591,0.985168418,0.32292711,0.200708022,/mnt/fillipo/huangbei/pixieverse/render_outputs,One base full material_grid.npy per PixieVerse object.
base_material_grid,nu,ratio,linear,30,0.304,0.3138,0.304..0.314,22575679,0.392751239,57480860,1552,1552,0.15288949,0.496366262,0.334117142,0.0491734653,"target=2*(clip(nu,0.01,0.50)-0.01)/0.49-1",0.01,0.5,-0.416777591,0.985168418,0.32292711,0.200708022,/mnt/fillipo/huangbei/pixieverse/render_outputs,One base full material_grid.npy per PixieVerse object.
base_material_grid,nu,ratio,linear,31,0.3138,0.3236,0.314..0.324,564985,0.00982909789,57480860,1552,1552,0.15288949,0.496366262,0.334117142,0.0491734653,"target=2*(clip(nu,0.01,0.50)-0.01)/0.49-1",0.01,0.5,-0.416777591,0.985168418,0.32292711,0.200708022,/mnt/fillipo/huangbei/pixieverse/render_outputs,One base full material_grid.npy per PixieVerse object.
base_material_grid,nu,ratio,linear,32,0.3236,0.3334,0.324..0.333,281665,0.00490015285,57480860,1552,1552,0.15288949,0.496366262,0.334117142,0.0491734653,"target=2*(clip(nu,0.01,0.50)-0.01)/0.49-1",0.01,0.5,-0.416777591,0.985168418,0.32292711,0.200708022,/mnt/fillipo/huangbei/pixieverse/render_outputs,One base full material_grid.npy per PixieVerse object.
base_material_grid,nu,ratio,linear,33,0.3334,0.3432,0.333..0.343,1768,3.07580645e-05,57480860,1552,1552,0.15288949,0.496366262,0.334117142,0.0491734653,"target=2*(clip(nu,0.01,0.50)-0.01)/0.49-1",0.01,0.5,-0.416777591,0.985168418,0.32292711,0.200708022,/mnt/fillipo/huangbei/pixieverse/render_outputs,One base full material_grid.npy per PixieVerse object.
base_material_grid,nu,ratio,linear,34,0.3432,0.353,0.343..0.353,269539,0.00468919567,57480860,1552,1552,0.15288949,0.496366262,0.334117142,0.0491734653,"target=2*(clip(nu,0.01,0.50)-0.01)/0.49-1",0.01,0.5,-0.416777591,0.985168418,0.32292711,0.200708022,/mnt/fillipo/huangbei/pixieverse/render_outputs,One base full material_grid.npy per PixieVerse object.
base_material_grid,nu,ratio,linear,35,0.353,0.3628,0.353..0.363,21157664,0.368081897,57480860,1552,1552,0.15288949,0.496366262,0.334117142,0.0491734653,"target=2*(clip(nu,0.01,0.50)-0.01)/0.49-1",0.01,0.5,-0.416777591,0.985168418,0.32292711,0.200708022,/mnt/fillipo/huangbei/pixieverse/render_outputs,One base full material_grid.npy per PixieVerse object.
base_material_grid,nu,ratio,linear,36,0.3628,0.3726,0.363..0.373,645480,0.0112294771,57480860,1552,1552,0.15288949,0.496366262,0.334117142,0.0491734653,"target=2*(clip(nu,0.01,0.50)-0.01)/0.49-1",0.01,0.5,-0.416777591,0.985168418,0.32292711,0.200708022,/mnt/fillipo/huangbei/pixieverse/render_outputs,One base full material_grid.npy per PixieVerse object.
base_material_grid,nu,ratio,linear,37,0.3726,0.3824,0.373..0.382,49239,0.000856615576,57480860,1552,1552,0.15288949,0.496366262,0.334117142,0.0491734653,"target=2*(clip(nu,0.01,0.50)-0.01)/0.49-1",0.01,0.5,-0.416777591,0.985168418,0.32292711,0.200708022,/mnt/fillipo/huangbei/pixieverse/render_outputs,One base full material_grid.npy per PixieVerse object.
base_material_grid,nu,ratio,linear,38,0.3824,0.3922,0.382..0.392,515556,0.00896917687,57480860,1552,1552,0.15288949,0.496366262,0.334117142,0.0491734653,"target=2*(clip(nu,0.01,0.50)-0.01)/0.49-1",0.01,0.5,-0.416777591,0.985168418,0.32292711,0.200708022,/mnt/fillipo/huangbei/pixieverse/render_outputs,One base full material_grid.npy per PixieVerse object.
base_material_grid,nu,ratio,linear,39,0.3922,0.402,0.392..0.402,725584,0.012623054,57480860,1552,1552,0.15288949,0.496366262,0.334117142,0.0491734653,"target=2*(clip(nu,0.01,0.50)-0.01)/0.49-1",0.01,0.5,-0.416777591,0.985168418,0.32292711,0.200708022,/mnt/fillipo/huangbei/pixieverse/render_outputs,One base full material_grid.npy per PixieVerse object.
base_material_grid,nu,ratio,linear,40,0.402,0.4118,0.402..0.412,377521,0.00656776882,57480860,1552,1552,0.15288949,0.496366262,0.334117142,0.0491734653,"target=2*(clip(nu,0.01,0.50)-0.01)/0.49-1",0.01,0.5,-0.416777591,0.985168418,0.32292711,0.200708022,/mnt/fillipo/huangbei/pixieverse/render_outputs,One base full material_grid.npy per PixieVerse object.
base_material_grid,nu,ratio,linear,41,0.4118,0.4216,0.412..0.422,390808,0.00679892402,57480860,1552,1552,0.15288949,0.496366262,0.334117142,0.0491734653,"target=2*(clip(nu,0.01,0.50)-0.01)/0.49-1",0.01,0.5,-0.416777591,0.985168418,0.32292711,0.200708022,/mnt/fillipo/huangbei/pixieverse/render_outputs,One base full material_grid.npy per PixieVerse object.
base_material_grid,nu,ratio,linear,42,0.4216,0.4314,0.422..0.431,1812013,0.0315237629,57480860,1552,1552,0.15288949,0.496366262,0.334117142,0.0491734653,"target=2*(clip(nu,0.01,0.50)-0.01)/0.49-1",0.01,0.5,-0.416777591,0.985168418,0.32292711,0.200708022,/mnt/fillipo/huangbei/pixieverse/render_outputs,One base full material_grid.npy per PixieVerse object.
base_material_grid,nu,ratio,linear,43,0.4314,0.4412,0.431..0.441,952067,0.0165632003,57480860,1552,1552,0.15288949,0.496366262,0.334117142,0.0491734653,"target=2*(clip(nu,0.01,0.50)-0.01)/0.49-1",0.01,0.5,-0.416777591,0.985168418,0.32292711,0.200708022,/mnt/fillipo/huangbei/pixieverse/render_outputs,One base full material_grid.npy per PixieVerse object.
base_material_grid,nu,ratio,linear,44,0.4412,0.451,0.441..0.451,348199,0.00605765119,57480860,1552,1552,0.15288949,0.496366262,0.334117142,0.0491734653,"target=2*(clip(nu,0.01,0.50)-0.01)/0.49-1",0.01,0.5,-0.416777591,0.985168418,0.32292711,0.200708022,/mnt/fillipo/huangbei/pixieverse/render_outputs,One base full material_grid.npy per PixieVerse object.
base_material_grid,nu,ratio,linear,45,0.451,0.4608,0.451..0.461,236460,0.00411371716,57480860,1552,1552,0.15288949,0.496366262,0.334117142,0.0491734653,"target=2*(clip(nu,0.01,0.50)-0.01)/0.49-1",0.01,0.5,-0.416777591,0.985168418,0.32292711,0.200708022,/mnt/fillipo/huangbei/pixieverse/render_outputs,One base full material_grid.npy per PixieVerse object.
base_material_grid,nu,ratio,linear,46,0.4608,0.4706,0.461..0.471,69418,0.00120767156,57480860,1552,1552,0.15288949,0.496366262,0.334117142,0.0491734653,"target=2*(clip(nu,0.01,0.50)-0.01)/0.49-1",0.01,0.5,-0.416777591,0.985168418,0.32292711,0.200708022,/mnt/fillipo/huangbei/pixieverse/render_outputs,One base full material_grid.npy per PixieVerse object.
base_material_grid,nu,ratio,linear,47,0.4706,0.4804,0.471..0.48,347694,0.00604886566,57480860,1552,1552,0.15288949,0.496366262,0.334117142,0.0491734653,"target=2*(clip(nu,0.01,0.50)-0.01)/0.49-1",0.01,0.5,-0.416777591,0.985168418,0.32292711,0.200708022,/mnt/fillipo/huangbei/pixieverse/render_outputs,One base full material_grid.npy per PixieVerse object.
base_material_grid,nu,ratio,linear,48,0.4804,0.4902,0.48..0.49,71345,0.00124119576,57480860,1552,1552,0.15288949,0.496366262,0.334117142,0.0491734653,"target=2*(clip(nu,0.01,0.50)-0.01)/0.49-1",0.01,0.5,-0.416777591,0.985168418,0.32292711,0.200708022,/mnt/fillipo/huangbei/pixieverse/render_outputs,One base full material_grid.npy per PixieVerse object.
base_material_grid,nu,ratio,linear,49,0.4902,0.5,0.49..0.5,74088,0.001288916,57480860,1552,1552,0.15288949,0.496366262,0.334117142,0.0491734653,"target=2*(clip(nu,0.01,0.50)-0.01)/0.49-1",0.01,0.5,-0.416777591,0.985168418,0.32292711,0.200708022,/mnt/fillipo/huangbei/pixieverse/render_outputs,One base full material_grid.npy per PixieVerse object.
json_factor_augmented_full_grid,rho,kg_m3,log10,nonpositive,,0,<=0,0,0,459846880,12416,1552,9.33269405,19576.3652,1485.22643,1651.34462,"target=2*clip(log10(max(rho,1e-8)),-2,5)/15",0.01,100000,0.129334271,0.572230941,0.375817971,0.0826050003,/mnt/fillipo/huangbei/code/pixieverse_aug_json,Base full material_grid.npy with compact JSON E/rho factors applied; includes augment_0 default samples.
json_factor_augmented_full_grid,rho,kg_m3,log10,underflow,,-2,<-2,0,0,459846880,12416,1552,9.33269405,19576.3652,1485.22643,1651.34462,"target=2*clip(log10(max(rho,1e-8)),-2,5)/15",0.01,100000,0.129334271,0.572230941,0.375817971,0.0826050003,/mnt/fillipo/huangbei/code/pixieverse_aug_json,Base full material_grid.npy with compact JSON E/rho factors applied; includes augment_0 default samples.
json_factor_augmented_full_grid,rho,kg_m3,log10,overflow,5,,>=5,0,0,459846880,12416,1552,9.33269405,19576.3652,1485.22643,1651.34462,"target=2*clip(log10(max(rho,1e-8)),-2,5)/15",0.01,100000,0.129334271,0.572230941,0.375817971,0.0826050003,/mnt/fillipo/huangbei/code/pixieverse_aug_json,Base full material_grid.npy with compact JSON E/rho factors applied; includes augment_0 default samples.
json_factor_augmented_full_grid,rho,kg_m3,log10,0,-2,-1.85416667,10^-2..10^-1.85,0,0,459846880,12416,1552,9.33269405,19576.3652,1485.22643,1651.34462,"target=2*clip(log10(max(rho,1e-8)),-2,5)/15",0.01,100000,0.129334271,0.572230941,0.375817971,0.0826050003,/mnt/fillipo/huangbei/code/pixieverse_aug_json,Base full material_grid.npy with compact JSON E/rho factors applied; includes augment_0 default samples.
json_factor_augmented_full_grid,rho,kg_m3,log10,1,-1.85416667,-1.70833333,10^-1.85..10^-1.71,0,0,459846880,12416,1552,9.33269405,19576.3652,1485.22643,1651.34462,"target=2*clip(log10(max(rho,1e-8)),-2,5)/15",0.01,100000,0.129334271,0.572230941,0.375817971,0.0826050003,/mnt/fillipo/huangbei/code/pixieverse_aug_json,Base full material_grid.npy with compact JSON E/rho factors applied; includes augment_0 default samples.
json_factor_augmented_full_grid,rho,kg_m3,log10,2,-1.70833333,-1.5625,10^-1.71..10^-1.56,0,0,459846880,12416,1552,9.33269405,19576.3652,1485.22643,1651.34462,"target=2*clip(log10(max(rho,1e-8)),-2,5)/15",0.01,100000,0.129334271,0.572230941,0.375817971,0.0826050003,/mnt/fillipo/huangbei/code/pixieverse_aug_json,Base full material_grid.npy with compact JSON E/rho factors applied; includes augment_0 default samples.
json_factor_augmented_full_grid,rho,kg_m3,log10,3,-1.5625,-1.41666667,10^-1.56..10^-1.42,0,0,459846880,12416,1552,9.33269405,19576.3652,1485.22643,1651.34462,"target=2*clip(log10(max(rho,1e-8)),-2,5)/15",0.01,100000,0.129334271,0.572230941,0.375817971,0.0826050003,/mnt/fillipo/huangbei/code/pixieverse_aug_json,Base full material_grid.npy with compact JSON E/rho factors applied; includes augment_0 default samples.
json_factor_augmented_full_grid,rho,kg_m3,log10,4,-1.41666667,-1.27083333,10^-1.42..10^-1.27,0,0,459846880,12416,1552,9.33269405,19576.3652,1485.22643,1651.34462,"target=2*clip(log10(max(rho,1e-8)),-2,5)/15",0.01,100000,0.129334271,0.572230941,0.375817971,0.0826050003,/mnt/fillipo/huangbei/code/pixieverse_aug_json,Base full material_grid.npy with compact JSON E/rho factors applied; includes augment_0 default samples.
json_factor_augmented_full_grid,rho,kg_m3,log10,5,-1.27083333,-1.125,10^-1.27..10^-1.12,0,0,459846880,12416,1552,9.33269405,19576.3652,1485.22643,1651.34462,"target=2*clip(log10(max(rho,1e-8)),-2,5)/15",0.01,100000,0.129334271,0.572230941,0.375817971,0.0826050003,/mnt/fillipo/huangbei/code/pixieverse_aug_json,Base full material_grid.npy with compact JSON E/rho factors applied; includes augment_0 default samples.
json_factor_augmented_full_grid,rho,kg_m3,log10,6,-1.125,-0.979166667,10^-1.12..10^-0.979,0,0,459846880,12416,1552,9.33269405,19576.3652,1485.22643,1651.34462,"target=2*clip(log10(max(rho,1e-8)),-2,5)/15",0.01,100000,0.129334271,0.572230941,0.375817971,0.0826050003,/mnt/fillipo/huangbei/code/pixieverse_aug_json,Base full material_grid.npy with compact JSON E/rho factors applied; includes augment_0 default samples.
json_factor_augmented_full_grid,rho,kg_m3,log10,7,-0.979166667,-0.833333333,10^-0.979..10^-0.833,0,0,459846880,12416,1552,9.33269405,19576.3652,1485.22643,1651.34462,"target=2*clip(log10(max(rho,1e-8)),-2,5)/15",0.01,100000,0.129334271,0.572230941,0.375817971,0.0826050003,/mnt/fillipo/huangbei/code/pixieverse_aug_json,Base full material_grid.npy with compact JSON E/rho factors applied; includes augment_0 default samples.
json_factor_augmented_full_grid,rho,kg_m3,log10,8,-0.833333333,-0.6875,10^-0.833..10^-0.688,0,0,459846880,12416,1552,9.33269405,19576.3652,1485.22643,1651.34462,"target=2*clip(log10(max(rho,1e-8)),-2,5)/15",0.01,100000,0.129334271,0.572230941,0.375817971,0.0826050003,/mnt/fillipo/huangbei/code/pixieverse_aug_json,Base full material_grid.npy with compact JSON E/rho factors applied; includes augment_0 default samples.
json_factor_augmented_full_grid,rho,kg_m3,log10,9,-0.6875,-0.541666667,10^-0.688..10^-0.542,0,0,459846880,12416,1552,9.33269405,19576.3652,1485.22643,1651.34462,"target=2*clip(log10(max(rho,1e-8)),-2,5)/15",0.01,100000,0.129334271,0.572230941,0.375817971,0.0826050003,/mnt/fillipo/huangbei/code/pixieverse_aug_json,Base full material_grid.npy with compact JSON E/rho factors applied; includes augment_0 default samples.
json_factor_augmented_full_grid,rho,kg_m3,log10,10,-0.541666667,-0.395833333,10^-0.542..10^-0.396,0,0,459846880,12416,1552,9.33269405,19576.3652,1485.22643,1651.34462,"target=2*clip(log10(max(rho,1e-8)),-2,5)/15",0.01,100000,0.129334271,0.572230941,0.375817971,0.0826050003,/mnt/fillipo/huangbei/code/pixieverse_aug_json,Base full material_grid.npy with compact JSON E/rho factors applied; includes augment_0 default samples.
json_factor_augmented_full_grid,rho,kg_m3,log10,11,-0.395833333,-0.25,10^-0.396..10^-0.25,0,0,459846880,12416,1552,9.33269405,19576.3652,1485.22643,1651.34462,"target=2*clip(log10(max(rho,1e-8)),-2,5)/15",0.01,100000,0.129334271,0.572230941,0.375817971,0.0826050003,/mnt/fillipo/huangbei/code/pixieverse_aug_json,Base full material_grid.npy with compact JSON E/rho factors applied; includes augment_0 default samples.
json_factor_augmented_full_grid,rho,kg_m3,log10,12,-0.25,-0.104166667,10^-0.25..10^-0.104,0,0,459846880,12416,1552,9.33269405,19576.3652,1485.22643,1651.34462,"target=2*clip(log10(max(rho,1e-8)),-2,5)/15",0.01,100000,0.129334271,0.572230941,0.375817971,0.0826050003,/mnt/fillipo/huangbei/code/pixieverse_aug_json,Base full material_grid.npy with compact JSON E/rho factors applied; includes augment_0 default samples.
json_factor_augmented_full_grid,rho,kg_m3,log10,13,-0.104166667,0.0416666667,10^-0.104..10^0.0417,0,0,459846880,12416,1552,9.33269405,19576.3652,1485.22643,1651.34462,"target=2*clip(log10(max(rho,1e-8)),-2,5)/15",0.01,100000,0.129334271,0.572230941,0.375817971,0.0826050003,/mnt/fillipo/huangbei/code/pixieverse_aug_json,Base full material_grid.npy with compact JSON E/rho factors applied; includes augment_0 default samples.
json_factor_augmented_full_grid,rho,kg_m3,log10,14,0.0416666667,0.1875,10^0.0417..10^0.188,0,0,459846880,12416,1552,9.33269405,19576.3652,1485.22643,1651.34462,"target=2*clip(log10(max(rho,1e-8)),-2,5)/15",0.01,100000,0.129334271,0.572230941,0.375817971,0.0826050003,/mnt/fillipo/huangbei/code/pixieverse_aug_json,Base full material_grid.npy with compact JSON E/rho factors applied; includes augment_0 default samples.
json_factor_augmented_full_grid,rho,kg_m3,log10,15,0.1875,0.333333333,10^0.188..10^0.333,0,0,459846880,12416,1552,9.33269405,19576.3652,1485.22643,1651.34462,"target=2*clip(log10(max(rho,1e-8)),-2,5)/15",0.01,100000,0.129334271,0.572230941,0.375817971,0.0826050003,/mnt/fillipo/huangbei/code/pixieverse_aug_json,Base full material_grid.npy with compact JSON E/rho factors applied; includes augment_0 default samples.
json_factor_augmented_full_grid,rho,kg_m3,log10,16,0.333333333,0.479166667,10^0.333..10^0.479,0,0,459846880,12416,1552,9.33269405,19576.3652,1485.22643,1651.34462,"target=2*clip(log10(max(rho,1e-8)),-2,5)/15",0.01,100000,0.129334271,0.572230941,0.375817971,0.0826050003,/mnt/fillipo/huangbei/code/pixieverse_aug_json,Base full material_grid.npy with compact JSON E/rho factors applied; includes augment_0 default samples.
json_factor_augmented_full_grid,rho,kg_m3,log10,17,0.479166667,0.625,10^0.479..10^0.625,0,0,459846880,12416,1552,9.33269405,19576.3652,1485.22643,1651.34462,"target=2*clip(log10(max(rho,1e-8)),-2,5)/15",0.01,100000,0.129334271,0.572230941,0.375817971,0.0826050003,/mnt/fillipo/huangbei/code/pixieverse_aug_json,Base full material_grid.npy with compact JSON E/rho factors applied; includes augment_0 default samples.
json_factor_augmented_full_grid,rho,kg_m3,log10,18,0.625,0.770833333,10^0.625..10^0.771,0,0,459846880,12416,1552,9.33269405,19576.3652,1485.22643,1651.34462,"target=2*clip(log10(max(rho,1e-8)),-2,5)/15",0.01,100000,0.129334271,0.572230941,0.375817971,0.0826050003,/mnt/fillipo/huangbei/code/pixieverse_aug_json,Base full material_grid.npy with compact JSON E/rho factors applied; includes augment_0 default samples.
json_factor_augmented_full_grid,rho,kg_m3,log10,19,0.770833333,0.916666667,10^0.771..10^0.917,0,0,459846880,12416,1552,9.33269405,19576.3652,1485.22643,1651.34462,"target=2*clip(log10(max(rho,1e-8)),-2,5)/15",0.01,100000,0.129334271,0.572230941,0.375817971,0.0826050003,/mnt/fillipo/huangbei/code/pixieverse_aug_json,Base full material_grid.npy with compact JSON E/rho factors applied; includes augment_0 default samples.
json_factor_augmented_full_grid,rho,kg_m3,log10,20,0.916666667,1.0625,10^0.917..10^1.06,2702,5.87586894e-06,459846880,12416,1552,9.33269405,19576.3652,1485.22643,1651.34462,"target=2*clip(log10(max(rho,1e-8)),-2,5)/15",0.01,100000,0.129334271,0.572230941,0.375817971,0.0826050003,/mnt/fillipo/huangbei/code/pixieverse_aug_json,Base full material_grid.npy with compact JSON E/rho factors applied; includes augment_0 default samples.
json_factor_augmented_full_grid,rho,kg_m3,log10,21,1.0625,1.20833333,10^1.06..10^1.21,2351,5.11257138e-06,459846880,12416,1552,9.33269405,19576.3652,1485.22643,1651.34462,"target=2*clip(log10(max(rho,1e-8)),-2,5)/15",0.01,100000,0.129334271,0.572230941,0.375817971,0.0826050003,/mnt/fillipo/huangbei/code/pixieverse_aug_json,Base full material_grid.npy with compact JSON E/rho factors applied; includes augment_0 default samples.
json_factor_augmented_full_grid,rho,kg_m3,log10,22,1.20833333,1.35416667,10^1.21..10^1.35,20759,4.51432877e-05,459846880,12416,1552,9.33269405,19576.3652,1485.22643,1651.34462,"target=2*clip(log10(max(rho,1e-8)),-2,5)/15",0.01,100000,0.129334271,0.572230941,0.375817971,0.0826050003,/mnt/fillipo/huangbei/code/pixieverse_aug_json,Base full material_grid.npy with compact JSON E/rho factors applied; includes augment_0 default samples.
json_factor_augmented_full_grid,rho,kg_m3,log10,23,1.35416667,1.5,10^1.35..10^1.5,128362,0.000279140744,459846880,12416,1552,9.33269405,19576.3652,1485.22643,1651.34462,"target=2*clip(log10(max(rho,1e-8)),-2,5)/15",0.01,100000,0.129334271,0.572230941,0.375817971,0.0826050003,/mnt/fillipo/huangbei/code/pixieverse_aug_json,Base full material_grid.npy with compact JSON E/rho factors applied; includes augment_0 default samples.
json_factor_augmented_full_grid,rho,kg_m3,log10,24,1.5,1.64583333,10^1.5..10^1.65,1835720,0.00399202448,459846880,12416,1552,9.33269405,19576.3652,1485.22643,1651.34462,"target=2*clip(log10(max(rho,1e-8)),-2,5)/15",0.01,100000,0.129334271,0.572230941,0.375817971,0.0826050003,/mnt/fillipo/huangbei/code/pixieverse_aug_json,Base full material_grid.npy with compact JSON E/rho factors applied; includes augment_0 default samples.
json_factor_augmented_full_grid,rho,kg_m3,log10,25,1.64583333,1.79166667,10^1.65..10^1.79,10464460,0.022756401,459846880,12416,1552,9.33269405,19576.3652,1485.22643,1651.34462,"target=2*clip(log10(max(rho,1e-8)),-2,5)/15",0.01,100000,0.129334271,0.572230941,0.375817971,0.0826050003,/mnt/fillipo/huangbei/code/pixieverse_aug_json,Base full material_grid.npy with compact JSON E/rho factors applied; includes augment_0 default samples.
json_factor_augmented_full_grid,rho,kg_m3,log10,26,1.79166667,1.9375,10^1.79..10^1.94,15172809,0.0329953505,459846880,12416,1552,9.33269405,19576.3652,1485.22643,1651.34462,"target=2*clip(log10(max(rho,1e-8)),-2,5)/15",0.01,100000,0.129334271,0.572230941,0.375817971,0.0826050003,/mnt/fillipo/huangbei/code/pixieverse_aug_json,Base full material_grid.npy with compact JSON E/rho factors applied; includes augment_0 default samples.
json_factor_augmented_full_grid,rho,kg_m3,log10,27,1.9375,2.08333333,10^1.94..10^2.08,29237389,0.0635807054,459846880,12416,1552,9.33269405,19576.3652,1485.22643,1651.34462,"target=2*clip(log10(max(rho,1e-8)),-2,5)/15",0.01,100000,0.129334271,0.572230941,0.375817971,0.0826050003,/mnt/fillipo/huangbei/code/pixieverse_aug_json,Base full material_grid.npy with compact JSON E/rho factors applied; includes augment_0 default samples.
json_factor_augmented_full_grid,rho,kg_m3,log10,28,2.08333333,2.22916667,10^2.08..10^2.23,84944833,0.184724169,459846880,12416,1552,9.33269405,19576.3652,1485.22643,1651.34462,"target=2*clip(log10(max(rho,1e-8)),-2,5)/15",0.01,100000,0.129334271,0.572230941,0.375817971,0.0826050003,/mnt/fillipo/huangbei/code/pixieverse_aug_json,Base full material_grid.npy with compact JSON E/rho factors applied; includes augment_0 default samples.
json_factor_augmented_full_grid,rho,kg_m3,log10,29,2.22916667,2.375,10^2.23..10^2.38,19211435,0.0417778957,459846880,12416,1552,9.33269405,19576.3652,1485.22643,1651.34462,"target=2*clip(log10(max(rho,1e-8)),-2,5)/15",0.01,100000,0.129334271,0.572230941,0.375817971,0.0826050003,/mnt/fillipo/huangbei/code/pixieverse_aug_json,Base full material_grid.npy with compact JSON E/rho factors applied; includes augment_0 default samples.
json_factor_augmented_full_grid,rho,kg_m3,log10,30,2.375,2.52083333,10^2.38..10^2.52,24296011,0.0528350024,459846880,12416,1552,9.33269405,19576.3652,1485.22643,1651.34462,"target=2*clip(log10(max(rho,1e-8)),-2,5)/15",0.01,100000,0.129334271,0.572230941,0.375817971,0.0826050003,/mnt/fillipo/huangbei/code/pixieverse_aug_json,Base full material_grid.npy with compact JSON E/rho factors applied; includes augment_0 default samples.
json_factor_augmented_full_grid,rho,kg_m3,log10,31,2.52083333,2.66666667,10^2.52..10^2.67,19600571,0.0426241252,459846880,12416,1552,9.33269405,19576.3652,1485.22643,1651.34462,"target=2*clip(log10(max(rho,1e-8)),-2,5)/15",0.01,100000,0.129334271,0.572230941,0.375817971,0.0826050003,/mnt/fillipo/huangbei/code/pixieverse_aug_json,Base full material_grid.npy with compact JSON E/rho factors applied; includes augment_0 default samples.
json_factor_augmented_full_grid,rho,kg_m3,log10,32,2.66666667,2.8125,10^2.67..10^2.81,7884964,0.0171469338,459846880,12416,1552,9.33269405,19576.3652,1485.22643,1651.34462,"target=2*clip(log10(max(rho,1e-8)),-2,5)/15",0.01,100000,0.129334271,0.572230941,0.375817971,0.0826050003,/mnt/fillipo/huangbei/code/pixieverse_aug_json,Base full material_grid.npy with compact JSON E/rho factors applied; includes augment_0 default samples.
json_factor_augmented_full_grid,rho,kg_m3,log10,33,2.8125,2.95833333,10^2.81..10^2.96,24803639,0.053938909,459846880,12416,1552,9.33269405,19576.3652,1485.22643,1651.34462,"target=2*clip(log10(max(rho,1e-8)),-2,5)/15",0.01,100000,0.129334271,0.572230941,0.375817971,0.0826050003,/mnt/fillipo/huangbei/code/pixieverse_aug_json,Base full material_grid.npy with compact JSON E/rho factors applied; includes augment_0 default samples.
json_factor_augmented_full_grid,rho,kg_m3,log10,34,2.95833333,3.10416667,10^2.96..10^3.1,22305141,0.048505583,459846880,12416,1552,9.33269405,19576.3652,1485.22643,1651.34462,"target=2*clip(log10(max(rho,1e-8)),-2,5)/15",0.01,100000,0.129334271,0.572230941,0.375817971,0.0826050003,/mnt/fillipo/huangbei/code/pixieverse_aug_json,Base full material_grid.npy with compact JSON E/rho factors applied; includes augment_0 default samples.
json_factor_augmented_full_grid,rho,kg_m3,log10,35,3.10416667,3.25,10^3.1..10^3.25,30314564,0.0659231699,459846880,12416,1552,9.33269405,19576.3652,1485.22643,1651.34462,"target=2*clip(log10(max(rho,1e-8)),-2,5)/15",0.01,100000,0.129334271,0.572230941,0.375817971,0.0826050003,/mnt/fillipo/huangbei/code/pixieverse_aug_json,Base full material_grid.npy with compact JSON E/rho factors applied; includes augment_0 default samples.
json_factor_augmented_full_grid,rho,kg_m3,log10,36,3.25,3.39583333,10^3.25..10^3.4,21637068,0.0470527668,459846880,12416,1552,9.33269405,19576.3652,1485.22643,1651.34462,"target=2*clip(log10(max(rho,1e-8)),-2,5)/15",0.01,100000,0.129334271,0.572230941,0.375817971,0.0826050003,/mnt/fillipo/huangbei/code/pixieverse_aug_json,Base full material_grid.npy with compact JSON E/rho factors applied; includes augment_0 default samples.
json_factor_augmented_full_grid,rho,kg_m3,log10,37,3.39583333,3.54166667,10^3.4..10^3.54,105122194,0.228602604,459846880,12416,1552,9.33269405,19576.3652,1485.22643,1651.34462,"target=2*clip(log10(max(rho,1e-8)),-2,5)/15",0.01,100000,0.129334271,0.572230941,0.375817971,0.0826050003,/mnt/fillipo/huangbei/code/pixieverse_aug_json,Base full material_grid.npy with compact JSON E/rho factors applied; includes augment_0 default samples.
json_factor_augmented_full_grid,rho,kg_m3,log10,38,3.54166667,3.6875,10^3.54..10^3.69,19946325,0.0433760146,459846880,12416,1552,9.33269405,19576.3652,1485.22643,1651.34462,"target=2*clip(log10(max(rho,1e-8)),-2,5)/15",0.01,100000,0.129334271,0.572230941,0.375817971,0.0826050003,/mnt/fillipo/huangbei/code/pixieverse_aug_json,Base full material_grid.npy with compact JSON E/rho factors applied; includes augment_0 default samples.
json_factor_augmented_full_grid,rho,kg_m3,log10,39,3.6875,3.83333333,10^3.69..10^3.83,19734937,0.0429163225,459846880,12416,1552,9.33269405,19576.3652,1485.22643,1651.34462,"target=2*clip(log10(max(rho,1e-8)),-2,5)/15",0.01,100000,0.129334271,0.572230941,0.375817971,0.0826050003,/mnt/fillipo/huangbei/code/pixieverse_aug_json,Base full material_grid.npy with compact JSON E/rho factors applied; includes augment_0 default samples.
json_factor_augmented_full_grid,rho,kg_m3,log10,40,3.83333333,3.97916667,10^3.83..10^3.98,2783274,0.00605261038,459846880,12416,1552,9.33269405,19576.3652,1485.22643,1651.34462,"target=2*clip(log10(max(rho,1e-8)),-2,5)/15",0.01,100000,0.129334271,0.572230941,0.375817971,0.0826050003,/mnt/fillipo/huangbei/code/pixieverse_aug_json,Base full material_grid.npy with compact JSON E/rho factors applied; includes augment_0 default samples.
json_factor_augmented_full_grid,rho,kg_m3,log10,41,3.97916667,4.125,10^3.98..10^4.12,93161,0.00020259135,459846880,12416,1552,9.33269405,19576.3652,1485.22643,1651.34462,"target=2*clip(log10(max(rho,1e-8)),-2,5)/15",0.01,100000,0.129334271,0.572230941,0.375817971,0.0826050003,/mnt/fillipo/huangbei/code/pixieverse_aug_json,Base full material_grid.npy with compact JSON E/rho factors applied; includes augment_0 default samples.
json_factor_augmented_full_grid,rho,kg_m3,log10,42,4.125,4.27083333,10^4.12..10^4.27,271582,0.000590592242,459846880,12416,1552,9.33269405,19576.3652,1485.22643,1651.34462,"target=2*clip(log10(max(rho,1e-8)),-2,5)/15",0.01,100000,0.129334271,0.572230941,0.375817971,0.0826050003,/mnt/fillipo/huangbei/code/pixieverse_aug_json,Base full material_grid.npy with compact JSON E/rho factors applied; includes augment_0 default samples.
json_factor_augmented_full_grid,rho,kg_m3,log10,43,4.27083333,4.41666667,10^4.27..10^4.42,32629,7.09562279e-05,459846880,12416,1552,9.33269405,19576.3652,1485.22643,1651.34462,"target=2*clip(log10(max(rho,1e-8)),-2,5)/15",0.01,100000,0.129334271,0.572230941,0.375817971,0.0826050003,/mnt/fillipo/huangbei/code/pixieverse_aug_json,Base full material_grid.npy with compact JSON E/rho factors applied; includes augment_0 default samples.
json_factor_augmented_full_grid,rho,kg_m3,log10,44,4.41666667,4.5625,10^4.42..10^4.56,0,0,459846880,12416,1552,9.33269405,19576.3652,1485.22643,1651.34462,"target=2*clip(log10(max(rho,1e-8)),-2,5)/15",0.01,100000,0.129334271,0.572230941,0.375817971,0.0826050003,/mnt/fillipo/huangbei/code/pixieverse_aug_json,Base full material_grid.npy with compact JSON E/rho factors applied; includes augment_0 default samples.
json_factor_augmented_full_grid,rho,kg_m3,log10,45,4.5625,4.70833333,10^4.56..10^4.71,0,0,459846880,12416,1552,9.33269405,19576.3652,1485.22643,1651.34462,"target=2*clip(log10(max(rho,1e-8)),-2,5)/15",0.01,100000,0.129334271,0.572230941,0.375817971,0.0826050003,/mnt/fillipo/huangbei/code/pixieverse_aug_json,Base full material_grid.npy with compact JSON E/rho factors applied; includes augment_0 default samples.
json_factor_augmented_full_grid,rho,kg_m3,log10,46,4.70833333,4.85416667,10^4.71..10^4.85,0,0,459846880,12416,1552,9.33269405,19576.3652,1485.22643,1651.34462,"target=2*clip(log10(max(rho,1e-8)),-2,5)/15",0.01,100000,0.129334271,0.572230941,0.375817971,0.0826050003,/mnt/fillipo/huangbei/code/pixieverse_aug_json,Base full material_grid.npy with compact JSON E/rho factors applied; includes augment_0 default samples.
json_factor_augmented_full_grid,rho,kg_m3,log10,47,4.85416667,5,10^4.85..10^5,0,0,459846880,12416,1552,9.33269405,19576.3652,1485.22643,1651.34462,"target=2*clip(log10(max(rho,1e-8)),-2,5)/15",0.01,100000,0.129334271,0.572230941,0.375817971,0.0826050003,/mnt/fillipo/huangbei/code/pixieverse_aug_json,Base full material_grid.npy with compact JSON E/rho factors applied; includes augment_0 default samples.
json_factor_augmented_full_grid,E,Pa,log10,nonpositive,,0,<=0,0,0,459846880,12416,1552,24.0859375,1.89381529e+13,1.22216191e+10,3.51426406e+11,"target=2*clip(log10(max(E,1e-8)),-2,13)/15",0.01,1e+13,0.184235141,1.73333333,0.822933309,0.244884194,/mnt/fillipo/huangbei/code/pixieverse_aug_json,Base full material_grid.npy with compact JSON E/rho factors applied; includes augment_0 default samples.
json_factor_augmented_full_grid,E,Pa,log10,underflow,,-2,<-2,0,0,459846880,12416,1552,24.0859375,1.89381529e+13,1.22216191e+10,3.51426406e+11,"target=2*clip(log10(max(E,1e-8)),-2,13)/15",0.01,1e+13,0.184235141,1.73333333,0.822933309,0.244884194,/mnt/fillipo/huangbei/code/pixieverse_aug_json,Base full material_grid.npy with compact JSON E/rho factors applied; includes augment_0 default samples.
json_factor_augmented_full_grid,E,Pa,log10,overflow,13,,>=13,138872,0.000301996178,459846880,12416,1552,24.0859375,1.89381529e+13,1.22216191e+10,3.51426406e+11,"target=2*clip(log10(max(E,1e-8)),-2,13)/15",0.01,1e+13,0.184235141,1.73333333,0.822933309,0.244884194,/mnt/fillipo/huangbei/code/pixieverse_aug_json,Base full material_grid.npy with compact JSON E/rho factors applied; includes augment_0 default samples.
json_factor_augmented_full_grid,E,Pa,log10,0,-2,-1.6875,10^-2..10^-1.69,0,0,459846880,12416,1552,24.0859375,1.89381529e+13,1.22216191e+10,3.51426406e+11,"target=2*clip(log10(max(E,1e-8)),-2,13)/15",0.01,1e+13,0.184235141,1.73333333,0.822933309,0.244884194,/mnt/fillipo/huangbei/code/pixieverse_aug_json,Base full material_grid.npy with compact JSON E/rho factors applied; includes augment_0 default samples.
json_factor_augmented_full_grid,E,Pa,log10,1,-1.6875,-1.375,10^-1.69..10^-1.38,0,0,459846880,12416,1552,24.0859375,1.89381529e+13,1.22216191e+10,3.51426406e+11,"target=2*clip(log10(max(E,1e-8)),-2,13)/15",0.01,1e+13,0.184235141,1.73333333,0.822933309,0.244884194,/mnt/fillipo/huangbei/code/pixieverse_aug_json,Base full material_grid.npy with compact JSON E/rho factors applied; includes augment_0 default samples.
json_factor_augmented_full_grid,E,Pa,log10,2,-1.375,-1.0625,10^-1.38..10^-1.06,0,0,459846880,12416,1552,24.0859375,1.89381529e+13,1.22216191e+10,3.51426406e+11,"target=2*clip(log10(max(E,1e-8)),-2,13)/15",0.01,1e+13,0.184235141,1.73333333,0.822933309,0.244884194,/mnt/fillipo/huangbei/code/pixieverse_aug_json,Base full material_grid.npy with compact JSON E/rho factors applied; includes augment_0 default samples.
json_factor_augmented_full_grid,E,Pa,log10,3,-1.0625,-0.75,10^-1.06..10^-0.75,0,0,459846880,12416,1552,24.0859375,1.89381529e+13,1.22216191e+10,3.51426406e+11,"target=2*clip(log10(max(E,1e-8)),-2,13)/15",0.01,1e+13,0.184235141,1.73333333,0.822933309,0.244884194,/mnt/fillipo/huangbei/code/pixieverse_aug_json,Base full material_grid.npy with compact JSON E/rho factors applied; includes augment_0 default samples.
json_factor_augmented_full_grid,E,Pa,log10,4,-0.75,-0.4375,10^-0.75..10^-0.438,0,0,459846880,12416,1552,24.0859375,1.89381529e+13,1.22216191e+10,3.51426406e+11,"target=2*clip(log10(max(E,1e-8)),-2,13)/15",0.01,1e+13,0.184235141,1.73333333,0.822933309,0.244884194,/mnt/fillipo/huangbei/code/pixieverse_aug_json,Base full material_grid.npy with compact JSON E/rho factors applied; includes augment_0 default samples.
json_factor_augmented_full_grid,E,Pa,log10,5,-0.4375,-0.125,10^-0.438..10^-0.125,0,0,459846880,12416,1552,24.0859375,1.89381529e+13,1.22216191e+10,3.51426406e+11,"target=2*clip(log10(max(E,1e-8)),-2,13)/15",0.01,1e+13,0.184235141,1.73333333,0.822933309,0.244884194,/mnt/fillipo/huangbei/code/pixieverse_aug_json,Base full material_grid.npy with compact JSON E/rho factors applied; includes augment_0 default samples.
json_factor_augmented_full_grid,E,Pa,log10,6,-0.125,0.1875,10^-0.125..10^0.188,0,0,459846880,12416,1552,24.0859375,1.89381529e+13,1.22216191e+10,3.51426406e+11,"target=2*clip(log10(max(E,1e-8)),-2,13)/15",0.01,1e+13,0.184235141,1.73333333,0.822933309,0.244884194,/mnt/fillipo/huangbei/code/pixieverse_aug_json,Base full material_grid.npy with compact JSON E/rho factors applied; includes augment_0 default samples.
json_factor_augmented_full_grid,E,Pa,log10,7,0.1875,0.5,10^0.188..10^0.5,0,0,459846880,12416,1552,24.0859375,1.89381529e+13,1.22216191e+10,3.51426406e+11,"target=2*clip(log10(max(E,1e-8)),-2,13)/15",0.01,1e+13,0.184235141,1.73333333,0.822933309,0.244884194,/mnt/fillipo/huangbei/code/pixieverse_aug_json,Base full material_grid.npy with compact JSON E/rho factors applied; includes augment_0 default samples.
json_factor_augmented_full_grid,E,Pa,log10,8,0.5,0.8125,10^0.5..10^0.812,0,0,459846880,12416,1552,24.0859375,1.89381529e+13,1.22216191e+10,3.51426406e+11,"target=2*clip(log10(max(E,1e-8)),-2,13)/15",0.01,1e+13,0.184235141,1.73333333,0.822933309,0.244884194,/mnt/fillipo/huangbei/code/pixieverse_aug_json,Base full material_grid.npy with compact JSON E/rho factors applied; includes augment_0 default samples.
json_factor_augmented_full_grid,E,Pa,log10,9,0.8125,1.125,10^0.812..10^1.12,0,0,459846880,12416,1552,24.0859375,1.89381529e+13,1.22216191e+10,3.51426406e+11,"target=2*clip(log10(max(E,1e-8)),-2,13)/15",0.01,1e+13,0.184235141,1.73333333,0.822933309,0.244884194,/mnt/fillipo/huangbei/code/pixieverse_aug_json,Base full material_grid.npy with compact JSON E/rho factors applied; includes augment_0 default samples.
json_factor_augmented_full_grid,E,Pa,log10,10,1.125,1.4375,10^1.12..10^1.44,171735,0.00037346127,459846880,12416,1552,24.0859375,1.89381529e+13,1.22216191e+10,3.51426406e+11,"target=2*clip(log10(max(E,1e-8)),-2,13)/15",0.01,1e+13,0.184235141,1.73333333,0.822933309,0.244884194,/mnt/fillipo/huangbei/code/pixieverse_aug_json,Base full material_grid.npy with compact JSON E/rho factors applied; includes augment_0 default samples.
json_factor_augmented_full_grid,E,Pa,log10,11,1.4375,1.75,10^1.44..10^1.75,86421,0.000187934297,459846880,12416,1552,24.0859375,1.89381529e+13,1.22216191e+10,3.51426406e+11,"target=2*clip(log10(max(E,1e-8)),-2,13)/15",0.01,1e+13,0.184235141,1.73333333,0.822933309,0.244884194,/mnt/fillipo/huangbei/code/pixieverse_aug_json,Base full material_grid.npy with compact JSON E/rho factors applied; includes augment_0 default samples.
json_factor_augmented_full_grid,E,Pa,log10,12,1.75,2.0625,10^1.75..10^2.06,105668,0.000229789533,459846880,12416,1552,24.0859375,1.89381529e+13,1.22216191e+10,3.51426406e+11,"target=2*clip(log10(max(E,1e-8)),-2,13)/15",0.01,1e+13,0.184235141,1.73333333,0.822933309,0.244884194,/mnt/fillipo/huangbei/code/pixieverse_aug_json,Base full material_grid.npy with compact JSON E/rho factors applied; includes augment_0 default samples.
json_factor_augmented_full_grid,E,Pa,log10,13,2.0625,2.375,10^2.06..10^2.38,647314,0.00140767292,459846880,12416,1552,24.0859375,1.89381529e+13,1.22216191e+10,3.51426406e+11,"target=2*clip(log10(max(E,1e-8)),-2,13)/15",0.01,1e+13,0.184235141,1.73333333,0.822933309,0.244884194,/mnt/fillipo/huangbei/code/pixieverse_aug_json,Base full material_grid.npy with compact JSON E/rho factors applied; includes augment_0 default samples.
json_factor_augmented_full_grid,E,Pa,log10,14,2.375,2.6875,10^2.38..10^2.69,1205982,0.00262257297,459846880,12416,1552,24.0859375,1.89381529e+13,1.22216191e+10,3.51426406e+11,"target=2*clip(log10(max(E,1e-8)),-2,13)/15",0.01,1e+13,0.184235141,1.73333333,0.822933309,0.244884194,/mnt/fillipo/huangbei/code/pixieverse_aug_json,Base full material_grid.npy with compact JSON E/rho factors applied; includes augment_0 default samples.
json_factor_augmented_full_grid,E,Pa,log10,15,2.6875,3,10^2.69..10^3,7862752,0.0170986307,459846880,12416,1552,24.0859375,1.89381529e+13,1.22216191e+10,3.51426406e+11,"target=2*clip(log10(max(E,1e-8)),-2,13)/15",0.01,1e+13,0.184235141,1.73333333,0.822933309,0.244884194,/mnt/fillipo/huangbei/code/pixieverse_aug_json,Base full material_grid.npy with compact JSON E/rho factors applied; includes augment_0 default samples.
json_factor_augmented_full_grid,E,Pa,log10,16,3,3.3125,10^3..10^3.31,11213956,0.0243862827,459846880,12416,1552,24.0859375,1.89381529e+13,1.22216191e+10,3.51426406e+11,"target=2*clip(log10(max(E,1e-8)),-2,13)/15",0.01,1e+13,0.184235141,1.73333333,0.822933309,0.244884194,/mnt/fillipo/huangbei/code/pixieverse_aug_json,Base full material_grid.npy with compact JSON E/rho factors applied; includes augment_0 default samples.
json_factor_augmented_full_grid,E,Pa,log10,17,3.3125,3.625,10^3.31..10^3.62,9914337,0.0215600832,459846880,12416,1552,24.0859375,1.89381529e+13,1.22216191e+10,3.51426406e+11,"target=2*clip(log10(max(E,1e-8)),-2,13)/15",0.01,1e+13,0.184235141,1.73333333,0.822933309,0.244884194,/mnt/fillipo/huangbei/code/pixieverse_aug_json,Base full material_grid.npy with compact JSON E/rho factors applied; includes augment_0 default samples.
json_factor_augmented_full_grid,E,Pa,log10,18,3.625,3.9375,10^3.62..10^3.94,11550917,0.0251190505,459846880,12416,1552,24.0859375,1.89381529e+13,1.22216191e+10,3.51426406e+11,"target=2*clip(log10(max(E,1e-8)),-2,13)/15",0.01,1e+13,0.184235141,1.73333333,0.822933309,0.244884194,/mnt/fillipo/huangbei/code/pixieverse_aug_json,Base full material_grid.npy with compact JSON E/rho factors applied; includes augment_0 default samples.
json_factor_augmented_full_grid,E,Pa,log10,19,3.9375,4.25,10^3.94..10^4.25,13455055,0.0292598593,459846880,12416,1552,24.0859375,1.89381529e+13,1.22216191e+10,3.51426406e+11,"target=2*clip(log10(max(E,1e-8)),-2,13)/15",0.01,1e+13,0.184235141,1.73333333,0.822933309,0.244884194,/mnt/fillipo/huangbei/code/pixieverse_aug_json,Base full material_grid.npy with compact JSON E/rho factors applied; includes augment_0 default samples.
json_factor_augmented_full_grid,E,Pa,log10,20,4.25,4.5625,10^4.25..10^4.56,9793683,0.0212977046,459846880,12416,1552,24.0859375,1.89381529e+13,1.22216191e+10,3.51426406e+11,"target=2*clip(log10(max(E,1e-8)),-2,13)/15",0.01,1e+13,0.184235141,1.73333333,0.822933309,0.244884194,/mnt/fillipo/huangbei/code/pixieverse_aug_json,Base full material_grid.npy with compact JSON E/rho factors applied; includes augment_0 default samples.
json_factor_augmented_full_grid,E,Pa,log10,21,4.5625,4.875,10^4.56..10^4.88,105109406,0.228574794,459846880,12416,1552,24.0859375,1.89381529e+13,1.22216191e+10,3.51426406e+11,"target=2*clip(log10(max(E,1e-8)),-2,13)/15",0.01,1e+13,0.184235141,1.73333333,0.822933309,0.244884194,/mnt/fillipo/huangbei/code/pixieverse_aug_json,Base full material_grid.npy with compact JSON E/rho factors applied; includes augment_0 default samples.
json_factor_augmented_full_grid,E,Pa,log10,22,4.875,5.1875,10^4.88..10^5.19,18807519,0.0408995251,459846880,12416,1552,24.0859375,1.89381529e+13,1.22216191e+10,3.51426406e+11,"target=2*clip(log10(max(E,1e-8)),-2,13)/15",0.01,1e+13,0.184235141,1.73333333,0.822933309,0.244884194,/mnt/fillipo/huangbei/code/pixieverse_aug_json,Base full material_grid.npy with compact JSON E/rho factors applied; includes augment_0 default samples.
json_factor_augmented_full_grid,E,Pa,log10,23,5.1875,5.5,10^5.19..10^5.5,11004061,0.0239298373,459846880,12416,1552,24.0859375,1.89381529e+13,1.22216191e+10,3.51426406e+11,"target=2*clip(log10(max(E,1e-8)),-2,13)/15",0.01,1e+13,0.184235141,1.73333333,0.822933309,0.244884194,/mnt/fillipo/huangbei/code/pixieverse_aug_json,Base full material_grid.npy with compact JSON E/rho factors applied; includes augment_0 default samples.
json_factor_augmented_full_grid,E,Pa,log10,24,5.5,5.8125,10^5.5..10^5.81,17348340,0.0377263406,459846880,12416,1552,24.0859375,1.89381529e+13,1.22216191e+10,3.51426406e+11,"target=2*clip(log10(max(E,1e-8)),-2,13)/15",0.01,1e+13,0.184235141,1.73333333,0.822933309,0.244884194,/mnt/fillipo/huangbei/code/pixieverse_aug_json,Base full material_grid.npy with compact JSON E/rho factors applied; includes augment_0 default samples.
json_factor_augmented_full_grid,E,Pa,log10,25,5.8125,6.125,10^5.81..10^6.12,26274509,0.0571375172,459846880,12416,1552,24.0859375,1.89381529e+13,1.22216191e+10,3.51426406e+11,"target=2*clip(log10(max(E,1e-8)),-2,13)/15",0.01,1e+13,0.184235141,1.73333333,0.822933309,0.244884194,/mnt/fillipo/huangbei/code/pixieverse_aug_json,Base full material_grid.npy with compact JSON E/rho factors applied; includes augment_0 default samples.
json_factor_augmented_full_grid,E,Pa,log10,26,6.125,6.4375,10^6.12..10^6.44,19227607,0.0418130639,459846880,12416,1552,24.0859375,1.89381529e+13,1.22216191e+10,3.51426406e+11,"target=2*clip(log10(max(E,1e-8)),-2,13)/15",0.01,1e+13,0.184235141,1.73333333,0.822933309,0.244884194,/mnt/fillipo/huangbei/code/pixieverse_aug_json,Base full material_grid.npy with compact JSON E/rho factors applied; includes augment_0 default samples.
json_factor_augmented_full_grid,E,Pa,log10,27,6.4375,6.75,10^6.44..10^6.75,23082879,0.0501968808,459846880,12416,1552,24.0859375,1.89381529e+13,1.22216191e+10,3.51426406e+11,"target=2*clip(log10(max(E,1e-8)),-2,13)/15",0.01,1e+13,0.184235141,1.73333333,0.822933309,0.244884194,/mnt/fillipo/huangbei/code/pixieverse_aug_json,Base full material_grid.npy with compact JSON E/rho factors applied; includes augment_0 default samples.
json_factor_augmented_full_grid,E,Pa,log10,28,6.75,7.0625,10^6.75..10^7.06,13759834,0.0299226429,459846880,12416,1552,24.0859375,1.89381529e+13,1.22216191e+10,3.51426406e+11,"target=2*clip(log10(max(E,1e-8)),-2,13)/15",0.01,1e+13,0.184235141,1.73333333,0.822933309,0.244884194,/mnt/fillipo/huangbei/code/pixieverse_aug_json,Base full material_grid.npy with compact JSON E/rho factors applied; includes augment_0 default samples.
json_factor_augmented_full_grid,E,Pa,log10,29,7.0625,7.375,10^7.06..10^7.38,8924517,0.0194075841,459846880,12416,1552,24.0859375,1.89381529e+13,1.22216191e+10,3.51426406e+11,"target=2*clip(log10(max(E,1e-8)),-2,13)/15",0.01,1e+13,0.184235141,1.73333333,0.822933309,0.244884194,/mnt/fillipo/huangbei/code/pixieverse_aug_json,Base full material_grid.npy with compact JSON E/rho factors applied; includes augment_0 default samples.
json_factor_augmented_full_grid,E,Pa,log10,30,7.375,7.6875,10^7.38..10^7.69,5405294,0.0117545519,459846880,12416,1552,24.0859375,1.89381529e+13,1.22216191e+10,3.51426406e+11,"target=2*clip(log10(max(E,1e-8)),-2,13)/15",0.01,1e+13,0.184235141,1.73333333,0.822933309,0.244884194,/mnt/fillipo/huangbei/code/pixieverse_aug_json,Base full material_grid.npy with compact JSON E/rho factors applied; includes augment_0 default samples.
json_factor_augmented_full_grid,E,Pa,log10,31,7.6875,8,10^7.69..10^8,17039542,0.037054817,459846880,12416,1552,24.0859375,1.89381529e+13,1.22216191e+10,3.51426406e+11,"target=2*clip(log10(max(E,1e-8)),-2,13)/15",0.01,1e+13,0.184235141,1.73333333,0.822933309,0.244884194,/mnt/fillipo/huangbei/code/pixieverse_aug_json,Base full material_grid.npy with compact JSON E/rho factors applied; includes augment_0 default samples.
json_factor_augmented_full_grid,E,Pa,log10,32,8,8.3125,10^8..10^8.31,83872244,0.182391678,459846880,12416,1552,24.0859375,1.89381529e+13,1.22216191e+10,3.51426406e+11,"target=2*clip(log10(max(E,1e-8)),-2,13)/15",0.01,1e+13,0.184235141,1.73333333,0.822933309,0.244884194,/mnt/fillipo/huangbei/code/pixieverse_aug_json,Base full material_grid.npy with compact JSON E/rho factors applied; includes augment_0 default samples.
json_factor_augmented_full_grid,E,Pa,log10,33,8.3125,8.625,10^8.31..10^8.62,4168346,0.00906463908,459846880,12416,1552,24.0859375,1.89381529e+13,1.22216191e+10,3.51426406e+11,"target=2*clip(log10(max(E,1e-8)),-2,13)/15",0.01,1e+13,0.184235141,1.73333333,0.822933309,0.244884194,/mnt/fillipo/huangbei/code/pixieverse_aug_json,Base full material_grid.npy with compact JSON E/rho factors applied; includes augment_0 default samples.
json_factor_augmented_full_grid,E,Pa,log10,34,8.625,8.9375,10^8.62..10^8.94,7993777,0.0173835625,459846880,12416,1552,24.0859375,1.89381529e+13,1.22216191e+10,3.51426406e+11,"target=2*clip(log10(max(E,1e-8)),-2,13)/15",0.01,1e+13,0.184235141,1.73333333,0.822933309,0.244884194,/mnt/fillipo/huangbei/code/pixieverse_aug_json,Base full material_grid.npy with compact JSON E/rho factors applied; includes augment_0 default samples.
json_factor_augmented_full_grid,E,Pa,log10,35,8.9375,9.25,10^8.94..10^9.25,7772441,0.0169022371,459846880,12416,1552,24.0859375,1.89381529e+13,1.22216191e+10,3.51426406e+11,"target=2*clip(log10(max(E,1e-8)),-2,13)/15",0.01,1e+13,0.184235141,1.73333333,0.822933309,0.244884194,/mnt/fillipo/huangbei/code/pixieverse_aug_json,Base full material_grid.npy with compact JSON E/rho factors applied; includes augment_0 default samples.
json_factor_augmented_full_grid,E,Pa,log10,36,9.25,9.5625,10^9.25..10^9.56,9235179,0.0200831612,459846880,12416,1552,24.0859375,1.89381529e+13,1.22216191e+10,3.51426406e+11,"target=2*clip(log10(max(E,1e-8)),-2,13)/15",0.01,1e+13,0.184235141,1.73333333,0.822933309,0.244884194,/mnt/fillipo/huangbei/code/pixieverse_aug_json,Base full material_grid.npy with compact JSON E/rho factors applied; includes augment_0 default samples.
json_factor_augmented_full_grid,E,Pa,log10,37,9.5625,9.875,10^9.56..10^9.88,7797830,0.016957449,459846880,12416,1552,24.0859375,1.89381529e+13,1.22216191e+10,3.51426406e+11,"target=2*clip(log10(max(E,1e-8)),-2,13)/15",0.01,1e+13,0.184235141,1.73333333,0.822933309,0.244884194,/mnt/fillipo/huangbei/code/pixieverse_aug_json,Base full material_grid.npy with compact JSON E/rho factors applied; includes augment_0 default samples.
json_factor_augmented_full_grid,E,Pa,log10,38,9.875,10.1875,10^9.88..10^10.2,3986055,0.00866822234,459846880,12416,1552,24.0859375,1.89381529e+13,1.22216191e+10,3.51426406e+11,"target=2*clip(log10(max(E,1e-8)),-2,13)/15",0.01,1e+13,0.184235141,1.73333333,0.822933309,0.244884194,/mnt/fillipo/huangbei/code/pixieverse_aug_json,Base full material_grid.npy with compact JSON E/rho factors applied; includes augment_0 default samples.
json_factor_augmented_full_grid,E,Pa,log10,39,10.1875,10.5,10^10.2..10^10.5,357099,0.000776560667,459846880,12416,1552,24.0859375,1.89381529e+13,1.22216191e+10,3.51426406e+11,"target=2*clip(log10(max(E,1e-8)),-2,13)/15",0.01,1e+13,0.184235141,1.73333333,0.822933309,0.244884194,/mnt/fillipo/huangbei/code/pixieverse_aug_json,Base full material_grid.npy with compact JSON E/rho factors applied; includes augment_0 default samples.
json_factor_augmented_full_grid,E,Pa,log10,40,10.5,10.8125,10^10.5..10^10.8,229576,0.000499244444,459846880,12416,1552,24.0859375,1.89381529e+13,1.22216191e+10,3.51426406e+11,"target=2*clip(log10(max(E,1e-8)),-2,13)/15",0.01,1e+13,0.184235141,1.73333333,0.822933309,0.244884194,/mnt/fillipo/huangbei/code/pixieverse_aug_json,Base full material_grid.npy with compact JSON E/rho factors applied; includes augment_0 default samples.
json_factor_augmented_full_grid,E,Pa,log10,41,10.8125,11.125,10^10.8..10^11.1,88838,0.000193190394,459846880,12416,1552,24.0859375,1.89381529e+13,1.22216191e+10,3.51426406e+11,"target=2*clip(log10(max(E,1e-8)),-2,13)/15",0.01,1e+13,0.184235141,1.73333333,0.822933309,0.244884194,/mnt/fillipo/huangbei/code/pixieverse_aug_json,Base full material_grid.npy with compact JSON E/rho factors applied; includes augment_0 default samples.
json_factor_augmented_full_grid,E,Pa,log10,42,11.125,11.4375,10^11.1..10^11.4,1422895,0.00309427999,459846880,12416,1552,24.0859375,1.89381529e+13,1.22216191e+10,3.51426406e+11,"target=2*clip(log10(max(E,1e-8)),-2,13)/15",0.01,1e+13,0.184235141,1.73333333,0.822933309,0.244884194,/mnt/fillipo/huangbei/code/pixieverse_aug_json,Base full material_grid.npy with compact JSON E/rho factors applied; includes augment_0 default samples.
json_factor_augmented_full_grid,E,Pa,log10,43,11.4375,11.75,10^11.4..10^11.8,0,0,459846880,12416,1552,24.0859375,1.89381529e+13,1.22216191e+10,3.51426406e+11,"target=2*clip(log10(max(E,1e-8)),-2,13)/15",0.01,1e+13,0.184235141,1.73333333,0.822933309,0.244884194,/mnt/fillipo/huangbei/code/pixieverse_aug_json,Base full material_grid.npy with compact JSON E/rho factors applied; includes augment_0 default samples.
json_factor_augmented_full_grid,E,Pa,log10,44,11.75,12.0625,10^11.8..10^12.1,239478,0.000520777699,459846880,12416,1552,24.0859375,1.89381529e+13,1.22216191e+10,3.51426406e+11,"target=2*clip(log10(max(E,1e-8)),-2,13)/15",0.01,1e+13,0.184235141,1.73333333,0.822933309,0.244884194,/mnt/fillipo/huangbei/code/pixieverse_aug_json,Base full material_grid.npy with compact JSON E/rho factors applied; includes augment_0 default samples.
json_factor_augmented_full_grid,E,Pa,log10,45,12.0625,12.375,10^12.1..10^12.4,121482,0.000264179242,459846880,12416,1552,24.0859375,1.89381529e+13,1.22216191e+10,3.51426406e+11,"target=2*clip(log10(max(E,1e-8)),-2,13)/15",0.01,1e+13,0.184235141,1.73333333,0.822933309,0.244884194,/mnt/fillipo/huangbei/code/pixieverse_aug_json,Base full material_grid.npy with compact JSON E/rho factors applied; includes augment_0 default samples.
json_factor_augmented_full_grid,E,Pa,log10,46,12.375,12.6875,10^12.4..10^12.7,171486,0.000372919786,459846880,12416,1552,24.0859375,1.89381529e+13,1.22216191e+10,3.51426406e+11,"target=2*clip(log10(max(E,1e-8)),-2,13)/15",0.01,1e+13,0.184235141,1.73333333,0.822933309,0.244884194,/mnt/fillipo/huangbei/code/pixieverse_aug_json,Base full material_grid.npy with compact JSON E/rho factors applied; includes augment_0 default samples.
json_factor_augmented_full_grid,E,Pa,log10,47,12.6875,13,10^12.7..10^13,259954,0.000565305564,459846880,12416,1552,24.0859375,1.89381529e+13,1.22216191e+10,3.51426406e+11,"target=2*clip(log10(max(E,1e-8)),-2,13)/15",0.01,1e+13,0.184235141,1.73333333,0.822933309,0.244884194,/mnt/fillipo/huangbei/code/pixieverse_aug_json,Base full material_grid.npy with compact JSON E/rho factors applied; includes augment_0 default samples.
json_factor_augmented_full_grid,nu,ratio,linear,underflow,,0.01,<0.01,0,0,459846880,12416,1552,0.15288949,0.496366262,0.334117142,0.0491734653,"target=2*(clip(nu,0.01,0.50)-0.01)/0.49-1",0.01,0.5,-0.416777591,0.985168418,0.32292711,0.200708022,/mnt/fillipo/huangbei/code/pixieverse_aug_json,Base full material_grid.npy with compact JSON E/rho factors applied; includes augment_0 default samples.
json_factor_augmented_full_grid,nu,ratio,linear,overflow,0.5,,>=0.5,0,0,459846880,12416,1552,0.15288949,0.496366262,0.334117142,0.0491734653,"target=2*(clip(nu,0.01,0.50)-0.01)/0.49-1",0.01,0.5,-0.416777591,0.985168418,0.32292711,0.200708022,/mnt/fillipo/huangbei/code/pixieverse_aug_json,Base full material_grid.npy with compact JSON E/rho factors applied; includes augment_0 default samples.
json_factor_augmented_full_grid,nu,ratio,linear,0,0.01,0.0198,0.01..0.0198,0,0,459846880,12416,1552,0.15288949,0.496366262,0.334117142,0.0491734653,"target=2*(clip(nu,0.01,0.50)-0.01)/0.49-1",0.01,0.5,-0.416777591,0.985168418,0.32292711,0.200708022,/mnt/fillipo/huangbei/code/pixieverse_aug_json,Base full material_grid.npy with compact JSON E/rho factors applied; includes augment_0 default samples.
json_factor_augmented_full_grid,nu,ratio,linear,1,0.0198,0.0296,0.0198..0.0296,0,0,459846880,12416,1552,0.15288949,0.496366262,0.334117142,0.0491734653,"target=2*(clip(nu,0.01,0.50)-0.01)/0.49-1",0.01,0.5,-0.416777591,0.985168418,0.32292711,0.200708022,/mnt/fillipo/huangbei/code/pixieverse_aug_json,Base full material_grid.npy with compact JSON E/rho factors applied; includes augment_0 default samples.
json_factor_augmented_full_grid,nu,ratio,linear,2,0.0296,0.0394,0.0296..0.0394,0,0,459846880,12416,1552,0.15288949,0.496366262,0.334117142,0.0491734653,"target=2*(clip(nu,0.01,0.50)-0.01)/0.49-1",0.01,0.5,-0.416777591,0.985168418,0.32292711,0.200708022,/mnt/fillipo/huangbei/code/pixieverse_aug_json,Base full material_grid.npy with compact JSON E/rho factors applied; includes augment_0 default samples.
json_factor_augmented_full_grid,nu,ratio,linear,3,0.0394,0.0492,0.0394..0.0492,0,0,459846880,12416,1552,0.15288949,0.496366262,0.334117142,0.0491734653,"target=2*(clip(nu,0.01,0.50)-0.01)/0.49-1",0.01,0.5,-0.416777591,0.985168418,0.32292711,0.200708022,/mnt/fillipo/huangbei/code/pixieverse_aug_json,Base full material_grid.npy with compact JSON E/rho factors applied; includes augment_0 default samples.
json_factor_augmented_full_grid,nu,ratio,linear,4,0.0492,0.059,0.0492..0.059,0,0,459846880,12416,1552,0.15288949,0.496366262,0.334117142,0.0491734653,"target=2*(clip(nu,0.01,0.50)-0.01)/0.49-1",0.01,0.5,-0.416777591,0.985168418,0.32292711,0.200708022,/mnt/fillipo/huangbei/code/pixieverse_aug_json,Base full material_grid.npy with compact JSON E/rho factors applied; includes augment_0 default samples.
json_factor_augmented_full_grid,nu,ratio,linear,5,0.059,0.0688,0.059..0.0688,0,0,459846880,12416,1552,0.15288949,0.496366262,0.334117142,0.0491734653,"target=2*(clip(nu,0.01,0.50)-0.01)/0.49-1",0.01,0.5,-0.416777591,0.985168418,0.32292711,0.200708022,/mnt/fillipo/huangbei/code/pixieverse_aug_json,Base full material_grid.npy with compact JSON E/rho factors applied; includes augment_0 default samples.
json_factor_augmented_full_grid,nu,ratio,linear,6,0.0688,0.0786,0.0688..0.0786,0,0,459846880,12416,1552,0.15288949,0.496366262,0.334117142,0.0491734653,"target=2*(clip(nu,0.01,0.50)-0.01)/0.49-1",0.01,0.5,-0.416777591,0.985168418,0.32292711,0.200708022,/mnt/fillipo/huangbei/code/pixieverse_aug_json,Base full material_grid.npy with compact JSON E/rho factors applied; includes augment_0 default samples.
json_factor_augmented_full_grid,nu,ratio,linear,7,0.0786,0.0884,0.0786..0.0884,0,0,459846880,12416,1552,0.15288949,0.496366262,0.334117142,0.0491734653,"target=2*(clip(nu,0.01,0.50)-0.01)/0.49-1",0.01,0.5,-0.416777591,0.985168418,0.32292711,0.200708022,/mnt/fillipo/huangbei/code/pixieverse_aug_json,Base full material_grid.npy with compact JSON E/rho factors applied; includes augment_0 default samples.
json_factor_augmented_full_grid,nu,ratio,linear,8,0.0884,0.0982,0.0884..0.0982,0,0,459846880,12416,1552,0.15288949,0.496366262,0.334117142,0.0491734653,"target=2*(clip(nu,0.01,0.50)-0.01)/0.49-1",0.01,0.5,-0.416777591,0.985168418,0.32292711,0.200708022,/mnt/fillipo/huangbei/code/pixieverse_aug_json,Base full material_grid.npy with compact JSON E/rho factors applied; includes augment_0 default samples.
json_factor_augmented_full_grid,nu,ratio,linear,9,0.0982,0.108,0.0982..0.108,0,0,459846880,12416,1552,0.15288949,0.496366262,0.334117142,0.0491734653,"target=2*(clip(nu,0.01,0.50)-0.01)/0.49-1",0.01,0.5,-0.416777591,0.985168418,0.32292711,0.200708022,/mnt/fillipo/huangbei/code/pixieverse_aug_json,Base full material_grid.npy with compact JSON E/rho factors applied; includes augment_0 default samples.
json_factor_augmented_full_grid,nu,ratio,linear,10,0.108,0.1178,0.108..0.118,0,0,459846880,12416,1552,0.15288949,0.496366262,0.334117142,0.0491734653,"target=2*(clip(nu,0.01,0.50)-0.01)/0.49-1",0.01,0.5,-0.416777591,0.985168418,0.32292711,0.200708022,/mnt/fillipo/huangbei/code/pixieverse_aug_json,Base full material_grid.npy with compact JSON E/rho factors applied; includes augment_0 default samples.
json_factor_augmented_full_grid,nu,ratio,linear,11,0.1178,0.1276,0.118..0.128,0,0,459846880,12416,1552,0.15288949,0.496366262,0.334117142,0.0491734653,"target=2*(clip(nu,0.01,0.50)-0.01)/0.49-1",0.01,0.5,-0.416777591,0.985168418,0.32292711,0.200708022,/mnt/fillipo/huangbei/code/pixieverse_aug_json,Base full material_grid.npy with compact JSON E/rho factors applied; includes augment_0 default samples.
json_factor_augmented_full_grid,nu,ratio,linear,12,0.1276,0.1374,0.128..0.137,0,0,459846880,12416,1552,0.15288949,0.496366262,0.334117142,0.0491734653,"target=2*(clip(nu,0.01,0.50)-0.01)/0.49-1",0.01,0.5,-0.416777591,0.985168418,0.32292711,0.200708022,/mnt/fillipo/huangbei/code/pixieverse_aug_json,Base full material_grid.npy with compact JSON E/rho factors applied; includes augment_0 default samples.
json_factor_augmented_full_grid,nu,ratio,linear,13,0.1374,0.1472,0.137..0.147,0,0,459846880,12416,1552,0.15288949,0.496366262,0.334117142,0.0491734653,"target=2*(clip(nu,0.01,0.50)-0.01)/0.49-1",0.01,0.5,-0.416777591,0.985168418,0.32292711,0.200708022,/mnt/fillipo/huangbei/code/pixieverse_aug_json,Base full material_grid.npy with compact JSON E/rho factors applied; includes augment_0 default samples.
json_factor_augmented_full_grid,nu,ratio,linear,14,0.1472,0.157,0.147..0.157,17768,3.86389487e-05,459846880,12416,1552,0.15288949,0.496366262,0.334117142,0.0491734653,"target=2*(clip(nu,0.01,0.50)-0.01)/0.49-1",0.01,0.5,-0.416777591,0.985168418,0.32292711,0.200708022,/mnt/fillipo/huangbei/code/pixieverse_aug_json,Base full material_grid.npy with compact JSON E/rho factors applied; includes augment_0 default samples.
json_factor_augmented_full_grid,nu,ratio,linear,15,0.157,0.1668,0.157..0.167,0,0,459846880,12416,1552,0.15288949,0.496366262,0.334117142,0.0491734653,"target=2*(clip(nu,0.01,0.50)-0.01)/0.49-1",0.01,0.5,-0.416777591,0.985168418,0.32292711,0.200708022,/mnt/fillipo/huangbei/code/pixieverse_aug_json,Base full material_grid.npy with compact JSON E/rho factors applied; includes augment_0 default samples.
json_factor_augmented_full_grid,nu,ratio,linear,16,0.1668,0.1766,0.167..0.177,0,0,459846880,12416,1552,0.15288949,0.496366262,0.334117142,0.0491734653,"target=2*(clip(nu,0.01,0.50)-0.01)/0.49-1",0.01,0.5,-0.416777591,0.985168418,0.32292711,0.200708022,/mnt/fillipo/huangbei/code/pixieverse_aug_json,Base full material_grid.npy with compact JSON E/rho factors applied; includes augment_0 default samples.
json_factor_augmented_full_grid,nu,ratio,linear,17,0.1766,0.1864,0.177..0.186,0,0,459846880,12416,1552,0.15288949,0.496366262,0.334117142,0.0491734653,"target=2*(clip(nu,0.01,0.50)-0.01)/0.49-1",0.01,0.5,-0.416777591,0.985168418,0.32292711,0.200708022,/mnt/fillipo/huangbei/code/pixieverse_aug_json,Base full material_grid.npy with compact JSON E/rho factors applied; includes augment_0 default samples.
json_factor_augmented_full_grid,nu,ratio,linear,18,0.1864,0.1962,0.186..0.196,0,0,459846880,12416,1552,0.15288949,0.496366262,0.334117142,0.0491734653,"target=2*(clip(nu,0.01,0.50)-0.01)/0.49-1",0.01,0.5,-0.416777591,0.985168418,0.32292711,0.200708022,/mnt/fillipo/huangbei/code/pixieverse_aug_json,Base full material_grid.npy with compact JSON E/rho factors applied; includes augment_0 default samples.
json_factor_augmented_full_grid,nu,ratio,linear,19,0.1962,0.206,0.196..0.206,563520,0.00122545139,459846880,12416,1552,0.15288949,0.496366262,0.334117142,0.0491734653,"target=2*(clip(nu,0.01,0.50)-0.01)/0.49-1",0.01,0.5,-0.416777591,0.985168418,0.32292711,0.200708022,/mnt/fillipo/huangbei/code/pixieverse_aug_json,Base full material_grid.npy with compact JSON E/rho factors applied; includes augment_0 default samples.
json_factor_augmented_full_grid,nu,ratio,linear,20,0.206,0.2158,0.206..0.216,20581072,0.0447563589,459846880,12416,1552,0.15288949,0.496366262,0.334117142,0.0491734653,"target=2*(clip(nu,0.01,0.50)-0.01)/0.49-1",0.01,0.5,-0.416777591,0.985168418,0.32292711,0.200708022,/mnt/fillipo/huangbei/code/pixieverse_aug_json,Base full material_grid.npy with compact JSON E/rho factors applied; includes augment_0 default samples.
json_factor_augmented_full_grid,nu,ratio,linear,21,0.2158,0.2256,0.216..0.226,600680,0.0013062609,459846880,12416,1552,0.15288949,0.496366262,0.334117142,0.0491734653,"target=2*(clip(nu,0.01,0.50)-0.01)/0.49-1",0.01,0.5,-0.416777591,0.985168418,0.32292711,0.200708022,/mnt/fillipo/huangbei/code/pixieverse_aug_json,Base full material_grid.npy with compact JSON E/rho factors applied; includes augment_0 default samples.
json_factor_augmented_full_grid,nu,ratio,linear,22,0.2256,0.2354,0.226..0.235,76888,0.000167203483,459846880,12416,1552,0.15288949,0.496366262,0.334117142,0.0491734653,"target=2*(clip(nu,0.01,0.50)-0.01)/0.49-1",0.01,0.5,-0.416777591,0.985168418,0.32292711,0.200708022,/mnt/fillipo/huangbei/code/pixieverse_aug_json,Base full material_grid.npy with compact JSON E/rho factors applied; includes augment_0 default samples.
json_factor_augmented_full_grid,nu,ratio,linear,23,0.2354,0.2452,0.235..0.245,0,0,459846880,12416,1552,0.15288949,0.496366262,0.334117142,0.0491734653,"target=2*(clip(nu,0.01,0.50)-0.01)/0.49-1",0.01,0.5,-0.416777591,0.985168418,0.32292711,0.200708022,/mnt/fillipo/huangbei/code/pixieverse_aug_json,Base full material_grid.npy with compact JSON E/rho factors applied; includes augment_0 default samples.
json_factor_augmented_full_grid,nu,ratio,linear,24,0.2452,0.255,0.245..0.255,207552,0.000451350241,459846880,12416,1552,0.15288949,0.496366262,0.334117142,0.0491734653,"target=2*(clip(nu,0.01,0.50)-0.01)/0.49-1",0.01,0.5,-0.416777591,0.985168418,0.32292711,0.200708022,/mnt/fillipo/huangbei/code/pixieverse_aug_json,Base full material_grid.npy with compact JSON E/rho factors applied; includes augment_0 default samples.
json_factor_augmented_full_grid,nu,ratio,linear,25,0.255,0.2648,0.255..0.265,13024096,0.0283226799,459846880,12416,1552,0.15288949,0.496366262,0.334117142,0.0491734653,"target=2*(clip(nu,0.01,0.50)-0.01)/0.49-1",0.01,0.5,-0.416777591,0.985168418,0.32292711,0.200708022,/mnt/fillipo/huangbei/code/pixieverse_aug_json,Base full material_grid.npy with compact JSON E/rho factors applied; includes augment_0 default samples.
json_factor_augmented_full_grid,nu,ratio,linear,26,0.2648,0.2746,0.265..0.275,0,0,459846880,12416,1552,0.15288949,0.496366262,0.334117142,0.0491734653,"target=2*(clip(nu,0.01,0.50)-0.01)/0.49-1",0.01,0.5,-0.416777591,0.985168418,0.32292711,0.200708022,/mnt/fillipo/huangbei/code/pixieverse_aug_json,Base full material_grid.npy with compact JSON E/rho factors applied; includes augment_0 default samples.
json_factor_augmented_full_grid,nu,ratio,linear,27,0.2746,0.2844,0.275..0.284,195744,0.000425672128,459846880,12416,1552,0.15288949,0.496366262,0.334117142,0.0491734653,"target=2*(clip(nu,0.01,0.50)-0.01)/0.49-1",0.01,0.5,-0.416777591,0.985168418,0.32292711,0.200708022,/mnt/fillipo/huangbei/code/pixieverse_aug_json,Base full material_grid.npy with compact JSON E/rho factors applied; includes augment_0 default samples.
json_factor_augmented_full_grid,nu,ratio,linear,28,0.2844,0.2942,0.284..0.294,10800320,0.0234867746,459846880,12416,1552,0.15288949,0.496366262,0.334117142,0.0491734653,"target=2*(clip(nu,0.01,0.50)-0.01)/0.49-1",0.01,0.5,-0.416777591,0.985168418,0.32292711,0.200708022,/mnt/fillipo/huangbei/code/pixieverse_aug_json,Base full material_grid.npy with compact JSON E/rho factors applied; includes augment_0 default samples.
json_factor_augmented_full_grid,nu,ratio,linear,29,0.2942,0.304,0.294..0.304,2045064,0.00444727167,459846880,12416,1552,0.15288949,0.496366262,0.334117142,0.0491734653,"target=2*(clip(nu,0.01,0.50)-0.01)/0.49-1",0.01,0.5,-0.416777591,0.985168418,0.32292711,0.200708022,/mnt/fillipo/huangbei/code/pixieverse_aug_json,Base full material_grid.npy with compact JSON E/rho factors applied; includes augment_0 default samples.
json_factor_augmented_full_grid,nu,ratio,linear,30,0.304,0.3138,0.304..0.314,180605432,0.392751239,459846880,12416,1552,0.15288949,0.496366262,0.334117142,0.0491734653,"target=2*(clip(nu,0.01,0.50)-0.01)/0.49-1",0.01,0.5,-0.416777591,0.985168418,0.32292711,0.200708022,/mnt/fillipo/huangbei/code/pixieverse_aug_json,Base full material_grid.npy with compact JSON E/rho factors applied; includes augment_0 default samples.
json_factor_augmented_full_grid,nu,ratio,linear,31,0.3138,0.3236,0.314..0.324,4519880,0.00982909789,459846880,12416,1552,0.15288949,0.496366262,0.334117142,0.0491734653,"target=2*(clip(nu,0.01,0.50)-0.01)/0.49-1",0.01,0.5,-0.416777591,0.985168418,0.32292711,0.200708022,/mnt/fillipo/huangbei/code/pixieverse_aug_json,Base full material_grid.npy with compact JSON E/rho factors applied; includes augment_0 default samples.
json_factor_augmented_full_grid,nu,ratio,linear,32,0.3236,0.3334,0.324..0.333,2253320,0.00490015285,459846880,12416,1552,0.15288949,0.496366262,0.334117142,0.0491734653,"target=2*(clip(nu,0.01,0.50)-0.01)/0.49-1",0.01,0.5,-0.416777591,0.985168418,0.32292711,0.200708022,/mnt/fillipo/huangbei/code/pixieverse_aug_json,Base full material_grid.npy with compact JSON E/rho factors applied; includes augment_0 default samples.
json_factor_augmented_full_grid,nu,ratio,linear,33,0.3334,0.3432,0.333..0.343,14144,3.07580645e-05,459846880,12416,1552,0.15288949,0.496366262,0.334117142,0.0491734653,"target=2*(clip(nu,0.01,0.50)-0.01)/0.49-1",0.01,0.5,-0.416777591,0.985168418,0.32292711,0.200708022,/mnt/fillipo/huangbei/code/pixieverse_aug_json,Base full material_grid.npy with compact JSON E/rho factors applied; includes augment_0 default samples.
json_factor_augmented_full_grid,nu,ratio,linear,34,0.3432,0.353,0.343..0.353,2156312,0.00468919567,459846880,12416,1552,0.15288949,0.496366262,0.334117142,0.0491734653,"target=2*(clip(nu,0.01,0.50)-0.01)/0.49-1",0.01,0.5,-0.416777591,0.985168418,0.32292711,0.200708022,/mnt/fillipo/huangbei/code/pixieverse_aug_json,Base full material_grid.npy with compact JSON E/rho factors applied; includes augment_0 default samples.
json_factor_augmented_full_grid,nu,ratio,linear,35,0.353,0.3628,0.353..0.363,169261312,0.368081897,459846880,12416,1552,0.15288949,0.496366262,0.334117142,0.0491734653,"target=2*(clip(nu,0.01,0.50)-0.01)/0.49-1",0.01,0.5,-0.416777591,0.985168418,0.32292711,0.200708022,/mnt/fillipo/huangbei/code/pixieverse_aug_json,Base full material_grid.npy with compact JSON E/rho factors applied; includes augment_0 default samples.
json_factor_augmented_full_grid,nu,ratio,linear,36,0.3628,0.3726,0.363..0.373,5163840,0.0112294771,459846880,12416,1552,0.15288949,0.496366262,0.334117142,0.0491734653,"target=2*(clip(nu,0.01,0.50)-0.01)/0.49-1",0.01,0.5,-0.416777591,0.985168418,0.32292711,0.200708022,/mnt/fillipo/huangbei/code/pixieverse_aug_json,Base full material_grid.npy with compact JSON E/rho factors applied; includes augment_0 default samples.
json_factor_augmented_full_grid,nu,ratio,linear,37,0.3726,0.3824,0.373..0.382,393912,0.000856615576,459846880,12416,1552,0.15288949,0.496366262,0.334117142,0.0491734653,"target=2*(clip(nu,0.01,0.50)-0.01)/0.49-1",0.01,0.5,-0.416777591,0.985168418,0.32292711,0.200708022,/mnt/fillipo/huangbei/code/pixieverse_aug_json,Base full material_grid.npy with compact JSON E/rho factors applied; includes augment_0 default samples.
json_factor_augmented_full_grid,nu,ratio,linear,38,0.3824,0.3922,0.382..0.392,4124448,0.00896917687,459846880,12416,1552,0.15288949,0.496366262,0.334117142,0.0491734653,"target=2*(clip(nu,0.01,0.50)-0.01)/0.49-1",0.01,0.5,-0.416777591,0.985168418,0.32292711,0.200708022,/mnt/fillipo/huangbei/code/pixieverse_aug_json,Base full material_grid.npy with compact JSON E/rho factors applied; includes augment_0 default samples.
json_factor_augmented_full_grid,nu,ratio,linear,39,0.3922,0.402,0.392..0.402,5804672,0.012623054,459846880,12416,1552,0.15288949,0.496366262,0.334117142,0.0491734653,"target=2*(clip(nu,0.01,0.50)-0.01)/0.49-1",0.01,0.5,-0.416777591,0.985168418,0.32292711,0.200708022,/mnt/fillipo/huangbei/code/pixieverse_aug_json,Base full material_grid.npy with compact JSON E/rho factors applied; includes augment_0 default samples.
json_factor_augmented_full_grid,nu,ratio,linear,40,0.402,0.4118,0.402..0.412,3020168,0.00656776882,459846880,12416,1552,0.15288949,0.496366262,0.334117142,0.0491734653,"target=2*(clip(nu,0.01,0.50)-0.01)/0.49-1",0.01,0.5,-0.416777591,0.985168418,0.32292711,0.200708022,/mnt/fillipo/huangbei/code/pixieverse_aug_json,Base full material_grid.npy with compact JSON E/rho factors applied; includes augment_0 default samples.
json_factor_augmented_full_grid,nu,ratio,linear,41,0.4118,0.4216,0.412..0.422,3126464,0.00679892402,459846880,12416,1552,0.15288949,0.496366262,0.334117142,0.0491734653,"target=2*(clip(nu,0.01,0.50)-0.01)/0.49-1",0.01,0.5,-0.416777591,0.985168418,0.32292711,0.200708022,/mnt/fillipo/huangbei/code/pixieverse_aug_json,Base full material_grid.npy with compact JSON E/rho factors applied; includes augment_0 default samples.
json_factor_augmented_full_grid,nu,ratio,linear,42,0.4216,0.4314,0.422..0.431,14496104,0.0315237629,459846880,12416,1552,0.15288949,0.496366262,0.334117142,0.0491734653,"target=2*(clip(nu,0.01,0.50)-0.01)/0.49-1",0.01,0.5,-0.416777591,0.985168418,0.32292711,0.200708022,/mnt/fillipo/huangbei/code/pixieverse_aug_json,Base full material_grid.npy with compact JSON E/rho factors applied; includes augment_0 default samples.
json_factor_augmented_full_grid,nu,ratio,linear,43,0.4314,0.4412,0.431..0.441,7616536,0.0165632003,459846880,12416,1552,0.15288949,0.496366262,0.334117142,0.0491734653,"target=2*(clip(nu,0.01,0.50)-0.01)/0.49-1",0.01,0.5,-0.416777591,0.985168418,0.32292711,0.200708022,/mnt/fillipo/huangbei/code/pixieverse_aug_json,Base full material_grid.npy with compact JSON E/rho factors applied; includes augment_0 default samples.
json_factor_augmented_full_grid,nu,ratio,linear,44,0.4412,0.451,0.441..0.451,2785592,0.00605765119,459846880,12416,1552,0.15288949,0.496366262,0.334117142,0.0491734653,"target=2*(clip(nu,0.01,0.50)-0.01)/0.49-1",0.01,0.5,-0.416777591,0.985168418,0.32292711,0.200708022,/mnt/fillipo/huangbei/code/pixieverse_aug_json,Base full material_grid.npy with compact JSON E/rho factors applied; includes augment_0 default samples.
json_factor_augmented_full_grid,nu,ratio,linear,45,0.451,0.4608,0.451..0.461,1891680,0.00411371716,459846880,12416,1552,0.15288949,0.496366262,0.334117142,0.0491734653,"target=2*(clip(nu,0.01,0.50)-0.01)/0.49-1",0.01,0.5,-0.416777591,0.985168418,0.32292711,0.200708022,/mnt/fillipo/huangbei/code/pixieverse_aug_json,Base full material_grid.npy with compact JSON E/rho factors applied; includes augment_0 default samples.
json_factor_augmented_full_grid,nu,ratio,linear,46,0.4608,0.4706,0.461..0.471,555344,0.00120767156,459846880,12416,1552,0.15288949,0.496366262,0.334117142,0.0491734653,"target=2*(clip(nu,0.01,0.50)-0.01)/0.49-1",0.01,0.5,-0.416777591,0.985168418,0.32292711,0.200708022,/mnt/fillipo/huangbei/code/pixieverse_aug_json,Base full material_grid.npy with compact JSON E/rho factors applied; includes augment_0 default samples.
json_factor_augmented_full_grid,nu,ratio,linear,47,0.4706,0.4804,0.471..0.48,2781552,0.00604886566,459846880,12416,1552,0.15288949,0.496366262,0.334117142,0.0491734653,"target=2*(clip(nu,0.01,0.50)-0.01)/0.49-1",0.01,0.5,-0.416777591,0.985168418,0.32292711,0.200708022,/mnt/fillipo/huangbei/code/pixieverse_aug_json,Base full material_grid.npy with compact JSON E/rho factors applied; includes augment_0 default samples.
json_factor_augmented_full_grid,nu,ratio,linear,48,0.4804,0.4902,0.48..0.49,570760,0.00124119576,459846880,12416,1552,0.15288949,0.496366262,0.334117142,0.0491734653,"target=2*(clip(nu,0.01,0.50)-0.01)/0.49-1",0.01,0.5,-0.416777591,0.985168418,0.32292711,0.200708022,/mnt/fillipo/huangbei/code/pixieverse_aug_json,Base full material_grid.npy with compact JSON E/rho factors applied; includes augment_0 default samples.
json_factor_augmented_full_grid,nu,ratio,linear,49,0.4902,0.5,0.49..0.5,592704,0.001288916,459846880,12416,1552,0.15288949,0.496366262,0.334117142,0.0491734653,"target=2*(clip(nu,0.01,0.50)-0.01)/0.49-1",0.01,0.5,-0.416777591,0.985168418,0.32292711,0.200708022,/mnt/fillipo/huangbei/code/pixieverse_aug_json,Base full material_grid.npy with compact JSON E/rho factors applied; includes augment_0 default samples.
saved_full_grid_augmented,rho,kg_m3,log10,nonpositive,,0,<=0,0,0,25183776,594,99,6.38243246,39245.2852,2122.85368,2408.38599,"target=2*clip(log10(max(rho,1e-8)),-2,5)/15",0.01,100000,0.107331497,0.612504999,0.403872393,0.0821389241,/mnt/fillipo/huangbei/code/pixieverse_augmented,Previously saved material_grid_augmented.npy files.
saved_full_grid_augmented,rho,kg_m3,log10,underflow,,-2,<-2,0,0,25183776,594,99,6.38243246,39245.2852,2122.85368,2408.38599,"target=2*clip(log10(max(rho,1e-8)),-2,5)/15",0.01,100000,0.107331497,0.612504999,0.403872393,0.0821389241,/mnt/fillipo/huangbei/code/pixieverse_augmented,Previously saved material_grid_augmented.npy files.
saved_full_grid_augmented,rho,kg_m3,log10,overflow,5,,>=5,0,0,25183776,594,99,6.38243246,39245.2852,2122.85368,2408.38599,"target=2*clip(log10(max(rho,1e-8)),-2,5)/15",0.01,100000,0.107331497,0.612504999,0.403872393,0.0821389241,/mnt/fillipo/huangbei/code/pixieverse_augmented,Previously saved material_grid_augmented.npy files.
saved_full_grid_augmented,rho,kg_m3,log10,0,-2,-1.85416667,10^-2..10^-1.85,0,0,25183776,594,99,6.38243246,39245.2852,2122.85368,2408.38599,"target=2*clip(log10(max(rho,1e-8)),-2,5)/15",0.01,100000,0.107331497,0.612504999,0.403872393,0.0821389241,/mnt/fillipo/huangbei/code/pixieverse_augmented,Previously saved material_grid_augmented.npy files.
saved_full_grid_augmented,rho,kg_m3,log10,1,-1.85416667,-1.70833333,10^-1.85..10^-1.71,0,0,25183776,594,99,6.38243246,39245.2852,2122.85368,2408.38599,"target=2*clip(log10(max(rho,1e-8)),-2,5)/15",0.01,100000,0.107331497,0.612504999,0.403872393,0.0821389241,/mnt/fillipo/huangbei/code/pixieverse_augmented,Previously saved material_grid_augmented.npy files.
saved_full_grid_augmented,rho,kg_m3,log10,2,-1.70833333,-1.5625,10^-1.71..10^-1.56,0,0,25183776,594,99,6.38243246,39245.2852,2122.85368,2408.38599,"target=2*clip(log10(max(rho,1e-8)),-2,5)/15",0.01,100000,0.107331497,0.612504999,0.403872393,0.0821389241,/mnt/fillipo/huangbei/code/pixieverse_augmented,Previously saved material_grid_augmented.npy files.
saved_full_grid_augmented,rho,kg_m3,log10,3,-1.5625,-1.41666667,10^-1.56..10^-1.42,0,0,25183776,594,99,6.38243246,39245.2852,2122.85368,2408.38599,"target=2*clip(log10(max(rho,1e-8)),-2,5)/15",0.01,100000,0.107331497,0.612504999,0.403872393,0.0821389241,/mnt/fillipo/huangbei/code/pixieverse_augmented,Previously saved material_grid_augmented.npy files.
saved_full_grid_augmented,rho,kg_m3,log10,4,-1.41666667,-1.27083333,10^-1.42..10^-1.27,0,0,25183776,594,99,6.38243246,39245.2852,2122.85368,2408.38599,"target=2*clip(log10(max(rho,1e-8)),-2,5)/15",0.01,100000,0.107331497,0.612504999,0.403872393,0.0821389241,/mnt/fillipo/huangbei/code/pixieverse_augmented,Previously saved material_grid_augmented.npy files.
saved_full_grid_augmented,rho,kg_m3,log10,5,-1.27083333,-1.125,10^-1.27..10^-1.12,0,0,25183776,594,99,6.38243246,39245.2852,2122.85368,2408.38599,"target=2*clip(log10(max(rho,1e-8)),-2,5)/15",0.01,100000,0.107331497,0.612504999,0.403872393,0.0821389241,/mnt/fillipo/huangbei/code/pixieverse_augmented,Previously saved material_grid_augmented.npy files.
saved_full_grid_augmented,rho,kg_m3,log10,6,-1.125,-0.979166667,10^-1.12..10^-0.979,0,0,25183776,594,99,6.38243246,39245.2852,2122.85368,2408.38599,"target=2*clip(log10(max(rho,1e-8)),-2,5)/15",0.01,100000,0.107331497,0.612504999,0.403872393,0.0821389241,/mnt/fillipo/huangbei/code/pixieverse_augmented,Previously saved material_grid_augmented.npy files.
saved_full_grid_augmented,rho,kg_m3,log10,7,-0.979166667,-0.833333333,10^-0.979..10^-0.833,0,0,25183776,594,99,6.38243246,39245.2852,2122.85368,2408.38599,"target=2*clip(log10(max(rho,1e-8)),-2,5)/15",0.01,100000,0.107331497,0.612504999,0.403872393,0.0821389241,/mnt/fillipo/huangbei/code/pixieverse_augmented,Previously saved material_grid_augmented.npy files.
saved_full_grid_augmented,rho,kg_m3,log10,8,-0.833333333,-0.6875,10^-0.833..10^-0.688,0,0,25183776,594,99,6.38243246,39245.2852,2122.85368,2408.38599,"target=2*clip(log10(max(rho,1e-8)),-2,5)/15",0.01,100000,0.107331497,0.612504999,0.403872393,0.0821389241,/mnt/fillipo/huangbei/code/pixieverse_augmented,Previously saved material_grid_augmented.npy files.
saved_full_grid_augmented,rho,kg_m3,log10,9,-0.6875,-0.541666667,10^-0.688..10^-0.542,0,0,25183776,594,99,6.38243246,39245.2852,2122.85368,2408.38599,"target=2*clip(log10(max(rho,1e-8)),-2,5)/15",0.01,100000,0.107331497,0.612504999,0.403872393,0.0821389241,/mnt/fillipo/huangbei/code/pixieverse_augmented,Previously saved material_grid_augmented.npy files.
saved_full_grid_augmented,rho,kg_m3,log10,10,-0.541666667,-0.395833333,10^-0.542..10^-0.396,0,0,25183776,594,99,6.38243246,39245.2852,2122.85368,2408.38599,"target=2*clip(log10(max(rho,1e-8)),-2,5)/15",0.01,100000,0.107331497,0.612504999,0.403872393,0.0821389241,/mnt/fillipo/huangbei/code/pixieverse_augmented,Previously saved material_grid_augmented.npy files.
saved_full_grid_augmented,rho,kg_m3,log10,11,-0.395833333,-0.25,10^-0.396..10^-0.25,0,0,25183776,594,99,6.38243246,39245.2852,2122.85368,2408.38599,"target=2*clip(log10(max(rho,1e-8)),-2,5)/15",0.01,100000,0.107331497,0.612504999,0.403872393,0.0821389241,/mnt/fillipo/huangbei/code/pixieverse_augmented,Previously saved material_grid_augmented.npy files.
saved_full_grid_augmented,rho,kg_m3,log10,12,-0.25,-0.104166667,10^-0.25..10^-0.104,0,0,25183776,594,99,6.38243246,39245.2852,2122.85368,2408.38599,"target=2*clip(log10(max(rho,1e-8)),-2,5)/15",0.01,100000,0.107331497,0.612504999,0.403872393,0.0821389241,/mnt/fillipo/huangbei/code/pixieverse_augmented,Previously saved material_grid_augmented.npy files.
saved_full_grid_augmented,rho,kg_m3,log10,13,-0.104166667,0.0416666667,10^-0.104..10^0.0417,0,0,25183776,594,99,6.38243246,39245.2852,2122.85368,2408.38599,"target=2*clip(log10(max(rho,1e-8)),-2,5)/15",0.01,100000,0.107331497,0.612504999,0.403872393,0.0821389241,/mnt/fillipo/huangbei/code/pixieverse_augmented,Previously saved material_grid_augmented.npy files.
saved_full_grid_augmented,rho,kg_m3,log10,14,0.0416666667,0.1875,10^0.0417..10^0.188,0,0,25183776,594,99,6.38243246,39245.2852,2122.85368,2408.38599,"target=2*clip(log10(max(rho,1e-8)),-2,5)/15",0.01,100000,0.107331497,0.612504999,0.403872393,0.0821389241,/mnt/fillipo/huangbei/code/pixieverse_augmented,Previously saved material_grid_augmented.npy files.
saved_full_grid_augmented,rho,kg_m3,log10,15,0.1875,0.333333333,10^0.188..10^0.333,0,0,25183776,594,99,6.38243246,39245.2852,2122.85368,2408.38599,"target=2*clip(log10(max(rho,1e-8)),-2,5)/15",0.01,100000,0.107331497,0.612504999,0.403872393,0.0821389241,/mnt/fillipo/huangbei/code/pixieverse_augmented,Previously saved material_grid_augmented.npy files.
saved_full_grid_augmented,rho,kg_m3,log10,16,0.333333333,0.479166667,10^0.333..10^0.479,0,0,25183776,594,99,6.38243246,39245.2852,2122.85368,2408.38599,"target=2*clip(log10(max(rho,1e-8)),-2,5)/15",0.01,100000,0.107331497,0.612504999,0.403872393,0.0821389241,/mnt/fillipo/huangbei/code/pixieverse_augmented,Previously saved material_grid_augmented.npy files.
saved_full_grid_augmented,rho,kg_m3,log10,17,0.479166667,0.625,10^0.479..10^0.625,0,0,25183776,594,99,6.38243246,39245.2852,2122.85368,2408.38599,"target=2*clip(log10(max(rho,1e-8)),-2,5)/15",0.01,100000,0.107331497,0.612504999,0.403872393,0.0821389241,/mnt/fillipo/huangbei/code/pixieverse_augmented,Previously saved material_grid_augmented.npy files.
saved_full_grid_augmented,rho,kg_m3,log10,18,0.625,0.770833333,10^0.625..10^0.771,0,0,25183776,594,99,6.38243246,39245.2852,2122.85368,2408.38599,"target=2*clip(log10(max(rho,1e-8)),-2,5)/15",0.01,100000,0.107331497,0.612504999,0.403872393,0.0821389241,/mnt/fillipo/huangbei/code/pixieverse_augmented,Previously saved material_grid_augmented.npy files.
saved_full_grid_augmented,rho,kg_m3,log10,19,0.770833333,0.916666667,10^0.771..10^0.917,11270,0.000447510334,25183776,594,99,6.38243246,39245.2852,2122.85368,2408.38599,"target=2*clip(log10(max(rho,1e-8)),-2,5)/15",0.01,100000,0.107331497,0.612504999,0.403872393,0.0821389241,/mnt/fillipo/huangbei/code/pixieverse_augmented,Previously saved material_grid_augmented.npy files.
saved_full_grid_augmented,rho,kg_m3,log10,20,0.916666667,1.0625,10^0.917..10^1.06,23129,0.000918408741,25183776,594,99,6.38243246,39245.2852,2122.85368,2408.38599,"target=2*clip(log10(max(rho,1e-8)),-2,5)/15",0.01,100000,0.107331497,0.612504999,0.403872393,0.0821389241,/mnt/fillipo/huangbei/code/pixieverse_augmented,Previously saved material_grid_augmented.npy files.
saved_full_grid_augmented,rho,kg_m3,log10,21,1.0625,1.20833333,10^1.06..10^1.21,10425,0.000413956986,25183776,594,99,6.38243246,39245.2852,2122.85368,2408.38599,"target=2*clip(log10(max(rho,1e-8)),-2,5)/15",0.01,100000,0.107331497,0.612504999,0.403872393,0.0821389241,/mnt/fillipo/huangbei/code/pixieverse_augmented,Previously saved material_grid_augmented.npy files.
saved_full_grid_augmented,rho,kg_m3,log10,22,1.20833333,1.35416667,10^1.21..10^1.35,76006,0.00301805416,25183776,594,99,6.38243246,39245.2852,2122.85368,2408.38599,"target=2*clip(log10(max(rho,1e-8)),-2,5)/15",0.01,100000,0.107331497,0.612504999,0.403872393,0.0821389241,/mnt/fillipo/huangbei/code/pixieverse_augmented,Previously saved material_grid_augmented.npy files.
saved_full_grid_augmented,rho,kg_m3,log10,23,1.35416667,1.5,10^1.35..10^1.5,61407,0.00243835555,25183776,594,99,6.38243246,39245.2852,2122.85368,2408.38599,"target=2*clip(log10(max(rho,1e-8)),-2,5)/15",0.01,100000,0.107331497,0.612504999,0.403872393,0.0821389241,/mnt/fillipo/huangbei/code/pixieverse_augmented,Previously saved material_grid_augmented.npy files.
saved_full_grid_augmented,rho,kg_m3,log10,24,1.5,1.64583333,10^1.5..10^1.65,72918,0.00289543554,25183776,594,99,6.38243246,39245.2852,2122.85368,2408.38599,"target=2*clip(log10(max(rho,1e-8)),-2,5)/15",0.01,100000,0.107331497,0.612504999,0.403872393,0.0821389241,/mnt/fillipo/huangbei/code/pixieverse_augmented,Previously saved material_grid_augmented.npy files.
saved_full_grid_augmented,rho,kg_m3,log10,25,1.64583333,1.79166667,10^1.65..10^1.79,472857,0.018776255,25183776,594,99,6.38243246,39245.2852,2122.85368,2408.38599,"target=2*clip(log10(max(rho,1e-8)),-2,5)/15",0.01,100000,0.107331497,0.612504999,0.403872393,0.0821389241,/mnt/fillipo/huangbei/code/pixieverse_augmented,Previously saved material_grid_augmented.npy files.
saved_full_grid_augmented,rho,kg_m3,log10,26,1.79166667,1.9375,10^1.79..10^1.94,419114,0.0166422224,25183776,594,99,6.38243246,39245.2852,2122.85368,2408.38599,"target=2*clip(log10(max(rho,1e-8)),-2,5)/15",0.01,100000,0.107331497,0.612504999,0.403872393,0.0821389241,/mnt/fillipo/huangbei/code/pixieverse_augmented,Previously saved material_grid_augmented.npy files.
saved_full_grid_augmented,rho,kg_m3,log10,27,1.9375,2.08333333,10^1.94..10^2.08,1085467,0.0431018367,25183776,594,99,6.38243246,39245.2852,2122.85368,2408.38599,"target=2*clip(log10(max(rho,1e-8)),-2,5)/15",0.01,100000,0.107331497,0.612504999,0.403872393,0.0821389241,/mnt/fillipo/huangbei/code/pixieverse_augmented,Previously saved material_grid_augmented.npy files.
saved_full_grid_augmented,rho,kg_m3,log10,28,2.08333333,2.22916667,10^2.08..10^2.23,3052127,0.121194177,25183776,594,99,6.38243246,39245.2852,2122.85368,2408.38599,"target=2*clip(log10(max(rho,1e-8)),-2,5)/15",0.01,100000,0.107331497,0.612504999,0.403872393,0.0821389241,/mnt/fillipo/huangbei/code/pixieverse_augmented,Previously saved material_grid_augmented.npy files.
saved_full_grid_augmented,rho,kg_m3,log10,29,2.22916667,2.375,10^2.23..10^2.38,596724,0.0236947787,25183776,594,99,6.38243246,39245.2852,2122.85368,2408.38599,"target=2*clip(log10(max(rho,1e-8)),-2,5)/15",0.01,100000,0.107331497,0.612504999,0.403872393,0.0821389241,/mnt/fillipo/huangbei/code/pixieverse_augmented,Previously saved material_grid_augmented.npy files.
saved_full_grid_augmented,rho,kg_m3,log10,30,2.375,2.52083333,10^2.38..10^2.52,691459,0.027456526,25183776,594,99,6.38243246,39245.2852,2122.85368,2408.38599,"target=2*clip(log10(max(rho,1e-8)),-2,5)/15",0.01,100000,0.107331497,0.612504999,0.403872393,0.0821389241,/mnt/fillipo/huangbei/code/pixieverse_augmented,Previously saved material_grid_augmented.npy files.
saved_full_grid_augmented,rho,kg_m3,log10,31,2.52083333,2.66666667,10^2.52..10^2.67,642028,0.0254937147,25183776,594,99,6.38243246,39245.2852,2122.85368,2408.38599,"target=2*clip(log10(max(rho,1e-8)),-2,5)/15",0.01,100000,0.107331497,0.612504999,0.403872393,0.0821389241,/mnt/fillipo/huangbei/code/pixieverse_augmented,Previously saved material_grid_augmented.npy files.
saved_full_grid_augmented,rho,kg_m3,log10,32,2.66666667,2.8125,10^2.67..10^2.81,32113,0.00127514635,25183776,594,99,6.38243246,39245.2852,2122.85368,2408.38599,"target=2*clip(log10(max(rho,1e-8)),-2,5)/15",0.01,100000,0.107331497,0.612504999,0.403872393,0.0821389241,/mnt/fillipo/huangbei/code/pixieverse_augmented,Previously saved material_grid_augmented.npy files.
saved_full_grid_augmented,rho,kg_m3,log10,33,2.8125,2.95833333,10^2.81..10^2.96,948319,0.0376559496,25183776,594,99,6.38243246,39245.2852,2122.85368,2408.38599,"target=2*clip(log10(max(rho,1e-8)),-2,5)/15",0.01,100000,0.107331497,0.612504999,0.403872393,0.0821389241,/mnt/fillipo/huangbei/code/pixieverse_augmented,Previously saved material_grid_augmented.npy files.
saved_full_grid_augmented,rho,kg_m3,log10,34,2.95833333,3.10416667,10^2.96..10^3.1,1913216,0.0759701802,25183776,594,99,6.38243246,39245.2852,2122.85368,2408.38599,"target=2*clip(log10(max(rho,1e-8)),-2,5)/15",0.01,100000,0.107331497,0.612504999,0.403872393,0.0821389241,/mnt/fillipo/huangbei/code/pixieverse_augmented,Previously saved material_grid_augmented.npy files.
saved_full_grid_augmented,rho,kg_m3,log10,35,3.10416667,3.25,10^3.1..10^3.25,1800939,0.0715118734,25183776,594,99,6.38243246,39245.2852,2122.85368,2408.38599,"target=2*clip(log10(max(rho,1e-8)),-2,5)/15",0.01,100000,0.107331497,0.612504999,0.403872393,0.0821389241,/mnt/fillipo/huangbei/code/pixieverse_augmented,Previously saved material_grid_augmented.npy files.
saved_full_grid_augmented,rho,kg_m3,log10,36,3.25,3.39583333,10^3.25..10^3.4,1290496,0.0512431496,25183776,594,99,6.38243246,39245.2852,2122.85368,2408.38599,"target=2*clip(log10(max(rho,1e-8)),-2,5)/15",0.01,100000,0.107331497,0.612504999,0.403872393,0.0821389241,/mnt/fillipo/huangbei/code/pixieverse_augmented,Previously saved material_grid_augmented.npy files.
saved_full_grid_augmented,rho,kg_m3,log10,37,3.39583333,3.54166667,10^3.4..10^3.54,8364921,0.332155154,25183776,594,99,6.38243246,39245.2852,2122.85368,2408.38599,"target=2*clip(log10(max(rho,1e-8)),-2,5)/15",0.01,100000,0.107331497,0.612504999,0.403872393,0.0821389241,/mnt/fillipo/huangbei/code/pixieverse_augmented,Previously saved material_grid_augmented.npy files.
saved_full_grid_augmented,rho,kg_m3,log10,38,3.54166667,3.6875,10^3.54..10^3.69,1302597,0.0517236573,25183776,594,99,6.38243246,39245.2852,2122.85368,2408.38599,"target=2*clip(log10(max(rho,1e-8)),-2,5)/15",0.01,100000,0.107331497,0.612504999,0.403872393,0.0821389241,/mnt/fillipo/huangbei/code/pixieverse_augmented,Previously saved material_grid_augmented.npy files.
saved_full_grid_augmented,rho,kg_m3,log10,39,3.6875,3.83333333,10^3.69..10^3.83,1763710,0.0700335803,25183776,594,99,6.38243246,39245.2852,2122.85368,2408.38599,"target=2*clip(log10(max(rho,1e-8)),-2,5)/15",0.01,100000,0.107331497,0.612504999,0.403872393,0.0821389241,/mnt/fillipo/huangbei/code/pixieverse_augmented,Previously saved material_grid_augmented.npy files.
saved_full_grid_augmented,rho,kg_m3,log10,40,3.83333333,3.97916667,10^3.83..10^3.98,379443,0.0150669622,25183776,594,99,6.38243246,39245.2852,2122.85368,2408.38599,"target=2*clip(log10(max(rho,1e-8)),-2,5)/15",0.01,100000,0.107331497,0.612504999,0.403872393,0.0821389241,/mnt/fillipo/huangbei/code/pixieverse_augmented,Previously saved material_grid_augmented.npy files.
saved_full_grid_augmented,rho,kg_m3,log10,41,3.97916667,4.125,10^3.98..10^4.12,65258,0.00259127146,25183776,594,99,6.38243246,39245.2852,2122.85368,2408.38599,"target=2*clip(log10(max(rho,1e-8)),-2,5)/15",0.01,100000,0.107331497,0.612504999,0.403872393,0.0821389241,/mnt/fillipo/huangbei/code/pixieverse_augmented,Previously saved material_grid_augmented.npy files.
saved_full_grid_augmented,rho,kg_m3,log10,42,4.125,4.27083333,10^4.12..10^4.27,19766,0.000784870386,25183776,594,99,6.38243246,39245.2852,2122.85368,2408.38599,"target=2*clip(log10(max(rho,1e-8)),-2,5)/15",0.01,100000,0.107331497,0.612504999,0.403872393,0.0821389241,/mnt/fillipo/huangbei/code/pixieverse_augmented,Previously saved material_grid_augmented.npy files.
saved_full_grid_augmented,rho,kg_m3,log10,43,4.27083333,4.41666667,10^4.27..10^4.42,38025,0.00150990066,25183776,594,99,6.38243246,39245.2852,2122.85368,2408.38599,"target=2*clip(log10(max(rho,1e-8)),-2,5)/15",0.01,100000,0.107331497,0.612504999,0.403872393,0.0821389241,/mnt/fillipo/huangbei/code/pixieverse_augmented,Previously saved material_grid_augmented.npy files.
saved_full_grid_augmented,rho,kg_m3,log10,44,4.41666667,4.5625,10^4.42..10^4.56,37040,0.00147078818,25183776,594,99,6.38243246,39245.2852,2122.85368,2408.38599,"target=2*clip(log10(max(rho,1e-8)),-2,5)/15",0.01,100000,0.107331497,0.612504999,0.403872393,0.0821389241,/mnt/fillipo/huangbei/code/pixieverse_augmented,Previously saved material_grid_augmented.npy files.
saved_full_grid_augmented,rho,kg_m3,log10,45,4.5625,4.70833333,10^4.56..10^4.71,13002,0.00051628477,25183776,594,99,6.38243246,39245.2852,2122.85368,2408.38599,"target=2*clip(log10(max(rho,1e-8)),-2,5)/15",0.01,100000,0.107331497,0.612504999,0.403872393,0.0821389241,/mnt/fillipo/huangbei/code/pixieverse_augmented,Previously saved material_grid_augmented.npy files.
saved_full_grid_augmented,rho,kg_m3,log10,46,4.70833333,4.85416667,10^4.71..10^4.85,0,0,25183776,594,99,6.38243246,39245.2852,2122.85368,2408.38599,"target=2*clip(log10(max(rho,1e-8)),-2,5)/15",0.01,100000,0.107331497,0.612504999,0.403872393,0.0821389241,/mnt/fillipo/huangbei/code/pixieverse_augmented,Previously saved material_grid_augmented.npy files.
saved_full_grid_augmented,rho,kg_m3,log10,47,4.85416667,5,10^4.85..10^5,0,0,25183776,594,99,6.38243246,39245.2852,2122.85368,2408.38599,"target=2*clip(log10(max(rho,1e-8)),-2,5)/15",0.01,100000,0.107331497,0.612504999,0.403872393,0.0821389241,/mnt/fillipo/huangbei/code/pixieverse_augmented,Previously saved material_grid_augmented.npy files.
saved_full_grid_augmented,E,Pa,log10,nonpositive,,0,<=0,0,0,25183776,594,99,7715.18945,1.11414597e+14,1.98144657e+10,1.14339453e+12,"target=2*clip(log10(max(E,1e-8)),-2,13)/15",0.01,1e+13,0.518312879,1.73333333,0.909845457,0.223327288,/mnt/fillipo/huangbei/code/pixieverse_augmented,Previously saved material_grid_augmented.npy files.
saved_full_grid_augmented,E,Pa,log10,underflow,,-2,<-2,0,0,25183776,594,99,7715.18945,1.11414597e+14,1.98144657e+10,1.14339453e+12,"target=2*clip(log10(max(E,1e-8)),-2,13)/15",0.01,1e+13,0.518312879,1.73333333,0.909845457,0.223327288,/mnt/fillipo/huangbei/code/pixieverse_augmented,Previously saved material_grid_augmented.npy files.
saved_full_grid_augmented,E,Pa,log10,overflow,13,,>=13,4150,0.000164788632,25183776,594,99,7715.18945,1.11414597e+14,1.98144657e+10,1.14339453e+12,"target=2*clip(log10(max(E,1e-8)),-2,13)/15",0.01,1e+13,0.518312879,1.73333333,0.909845457,0.223327288,/mnt/fillipo/huangbei/code/pixieverse_augmented,Previously saved material_grid_augmented.npy files.
saved_full_grid_augmented,E,Pa,log10,0,-2,-1.6875,10^-2..10^-1.69,0,0,25183776,594,99,7715.18945,1.11414597e+14,1.98144657e+10,1.14339453e+12,"target=2*clip(log10(max(E,1e-8)),-2,13)/15",0.01,1e+13,0.518312879,1.73333333,0.909845457,0.223327288,/mnt/fillipo/huangbei/code/pixieverse_augmented,Previously saved material_grid_augmented.npy files.
saved_full_grid_augmented,E,Pa,log10,1,-1.6875,-1.375,10^-1.69..10^-1.38,0,0,25183776,594,99,7715.18945,1.11414597e+14,1.98144657e+10,1.14339453e+12,"target=2*clip(log10(max(E,1e-8)),-2,13)/15",0.01,1e+13,0.518312879,1.73333333,0.909845457,0.223327288,/mnt/fillipo/huangbei/code/pixieverse_augmented,Previously saved material_grid_augmented.npy files.
saved_full_grid_augmented,E,Pa,log10,2,-1.375,-1.0625,10^-1.38..10^-1.06,0,0,25183776,594,99,7715.18945,1.11414597e+14,1.98144657e+10,1.14339453e+12,"target=2*clip(log10(max(E,1e-8)),-2,13)/15",0.01,1e+13,0.518312879,1.73333333,0.909845457,0.223327288,/mnt/fillipo/huangbei/code/pixieverse_augmented,Previously saved material_grid_augmented.npy files.
saved_full_grid_augmented,E,Pa,log10,3,-1.0625,-0.75,10^-1.06..10^-0.75,0,0,25183776,594,99,7715.18945,1.11414597e+14,1.98144657e+10,1.14339453e+12,"target=2*clip(log10(max(E,1e-8)),-2,13)/15",0.01,1e+13,0.518312879,1.73333333,0.909845457,0.223327288,/mnt/fillipo/huangbei/code/pixieverse_augmented,Previously saved material_grid_augmented.npy files.
saved_full_grid_augmented,E,Pa,log10,4,-0.75,-0.4375,10^-0.75..10^-0.438,0,0,25183776,594,99,7715.18945,1.11414597e+14,1.98144657e+10,1.14339453e+12,"target=2*clip(log10(max(E,1e-8)),-2,13)/15",0.01,1e+13,0.518312879,1.73333333,0.909845457,0.223327288,/mnt/fillipo/huangbei/code/pixieverse_augmented,Previously saved material_grid_augmented.npy files.
saved_full_grid_augmented,E,Pa,log10,5,-0.4375,-0.125,10^-0.438..10^-0.125,0,0,25183776,594,99,7715.18945,1.11414597e+14,1.98144657e+10,1.14339453e+12,"target=2*clip(log10(max(E,1e-8)),-2,13)/15",0.01,1e+13,0.518312879,1.73333333,0.909845457,0.223327288,/mnt/fillipo/huangbei/code/pixieverse_augmented,Previously saved material_grid_augmented.npy files.
saved_full_grid_augmented,E,Pa,log10,6,-0.125,0.1875,10^-0.125..10^0.188,0,0,25183776,594,99,7715.18945,1.11414597e+14,1.98144657e+10,1.14339453e+12,"target=2*clip(log10(max(E,1e-8)),-2,13)/15",0.01,1e+13,0.518312879,1.73333333,0.909845457,0.223327288,/mnt/fillipo/huangbei/code/pixieverse_augmented,Previously saved material_grid_augmented.npy files.
saved_full_grid_augmented,E,Pa,log10,7,0.1875,0.5,10^0.188..10^0.5,0,0,25183776,594,99,7715.18945,1.11414597e+14,1.98144657e+10,1.14339453e+12,"target=2*clip(log10(max(E,1e-8)),-2,13)/15",0.01,1e+13,0.518312879,1.73333333,0.909845457,0.223327288,/mnt/fillipo/huangbei/code/pixieverse_augmented,Previously saved material_grid_augmented.npy files.
saved_full_grid_augmented,E,Pa,log10,8,0.5,0.8125,10^0.5..10^0.812,0,0,25183776,594,99,7715.18945,1.11414597e+14,1.98144657e+10,1.14339453e+12,"target=2*clip(log10(max(E,1e-8)),-2,13)/15",0.01,1e+13,0.518312879,1.73333333,0.909845457,0.223327288,/mnt/fillipo/huangbei/code/pixieverse_augmented,Previously saved material_grid_augmented.npy files.
saved_full_grid_augmented,E,Pa,log10,9,0.8125,1.125,10^0.812..10^1.12,0,0,25183776,594,99,7715.18945,1.11414597e+14,1.98144657e+10,1.14339453e+12,"target=2*clip(log10(max(E,1e-8)),-2,13)/15",0.01,1e+13,0.518312879,1.73333333,0.909845457,0.223327288,/mnt/fillipo/huangbei/code/pixieverse_augmented,Previously saved material_grid_augmented.npy files.
saved_full_grid_augmented,E,Pa,log10,10,1.125,1.4375,10^1.12..10^1.44,0,0,25183776,594,99,7715.18945,1.11414597e+14,1.98144657e+10,1.14339453e+12,"target=2*clip(log10(max(E,1e-8)),-2,13)/15",0.01,1e+13,0.518312879,1.73333333,0.909845457,0.223327288,/mnt/fillipo/huangbei/code/pixieverse_augmented,Previously saved material_grid_augmented.npy files.
saved_full_grid_augmented,E,Pa,log10,11,1.4375,1.75,10^1.44..10^1.75,0,0,25183776,594,99,7715.18945,1.11414597e+14,1.98144657e+10,1.14339453e+12,"target=2*clip(log10(max(E,1e-8)),-2,13)/15",0.01,1e+13,0.518312879,1.73333333,0.909845457,0.223327288,/mnt/fillipo/huangbei/code/pixieverse_augmented,Previously saved material_grid_augmented.npy files.
saved_full_grid_augmented,E,Pa,log10,12,1.75,2.0625,10^1.75..10^2.06,0,0,25183776,594,99,7715.18945,1.11414597e+14,1.98144657e+10,1.14339453e+12,"target=2*clip(log10(max(E,1e-8)),-2,13)/15",0.01,1e+13,0.518312879,1.73333333,0.909845457,0.223327288,/mnt/fillipo/huangbei/code/pixieverse_augmented,Previously saved material_grid_augmented.npy files.
saved_full_grid_augmented,E,Pa,log10,13,2.0625,2.375,10^2.06..10^2.38,0,0,25183776,594,99,7715.18945,1.11414597e+14,1.98144657e+10,1.14339453e+12,"target=2*clip(log10(max(E,1e-8)),-2,13)/15",0.01,1e+13,0.518312879,1.73333333,0.909845457,0.223327288,/mnt/fillipo/huangbei/code/pixieverse_augmented,Previously saved material_grid_augmented.npy files.
saved_full_grid_augmented,E,Pa,log10,14,2.375,2.6875,10^2.38..10^2.69,0,0,25183776,594,99,7715.18945,1.11414597e+14,1.98144657e+10,1.14339453e+12,"target=2*clip(log10(max(E,1e-8)),-2,13)/15",0.01,1e+13,0.518312879,1.73333333,0.909845457,0.223327288,/mnt/fillipo/huangbei/code/pixieverse_augmented,Previously saved material_grid_augmented.npy files.
saved_full_grid_augmented,E,Pa,log10,15,2.6875,3,10^2.69..10^3,0,0,25183776,594,99,7715.18945,1.11414597e+14,1.98144657e+10,1.14339453e+12,"target=2*clip(log10(max(E,1e-8)),-2,13)/15",0.01,1e+13,0.518312879,1.73333333,0.909845457,0.223327288,/mnt/fillipo/huangbei/code/pixieverse_augmented,Previously saved material_grid_augmented.npy files.
saved_full_grid_augmented,E,Pa,log10,16,3,3.3125,10^3..10^3.31,0,0,25183776,594,99,7715.18945,1.11414597e+14,1.98144657e+10,1.14339453e+12,"target=2*clip(log10(max(E,1e-8)),-2,13)/15",0.01,1e+13,0.518312879,1.73333333,0.909845457,0.223327288,/mnt/fillipo/huangbei/code/pixieverse_augmented,Previously saved material_grid_augmented.npy files.
saved_full_grid_augmented,E,Pa,log10,17,3.3125,3.625,10^3.31..10^3.62,0,0,25183776,594,99,7715.18945,1.11414597e+14,1.98144657e+10,1.14339453e+12,"target=2*clip(log10(max(E,1e-8)),-2,13)/15",0.01,1e+13,0.518312879,1.73333333,0.909845457,0.223327288,/mnt/fillipo/huangbei/code/pixieverse_augmented,Previously saved material_grid_augmented.npy files.
saved_full_grid_augmented,E,Pa,log10,18,3.625,3.9375,10^3.62..10^3.94,272757,0.0108306634,25183776,594,99,7715.18945,1.11414597e+14,1.98144657e+10,1.14339453e+12,"target=2*clip(log10(max(E,1e-8)),-2,13)/15",0.01,1e+13,0.518312879,1.73333333,0.909845457,0.223327288,/mnt/fillipo/huangbei/code/pixieverse_augmented,Previously saved material_grid_augmented.npy files.
saved_full_grid_augmented,E,Pa,log10,19,3.9375,4.25,10^3.94..10^4.25,93805,0.00372481871,25183776,594,99,7715.18945,1.11414597e+14,1.98144657e+10,1.14339453e+12,"target=2*clip(log10(max(E,1e-8)),-2,13)/15",0.01,1e+13,0.518312879,1.73333333,0.909845457,0.223327288,/mnt/fillipo/huangbei/code/pixieverse_augmented,Previously saved material_grid_augmented.npy files.
saved_full_grid_augmented,E,Pa,log10,20,4.25,4.5625,10^4.25..10^4.56,179291,0.0071193057,25183776,594,99,7715.18945,1.11414597e+14,1.98144657e+10,1.14339453e+12,"target=2*clip(log10(max(E,1e-8)),-2,13)/15",0.01,1e+13,0.518312879,1.73333333,0.909845457,0.223327288,/mnt/fillipo/huangbei/code/pixieverse_augmented,Previously saved material_grid_augmented.npy files.
saved_full_grid_augmented,E,Pa,log10,21,4.5625,4.875,10^4.56..10^4.88,4638724,0.184194936,25183776,594,99,7715.18945,1.11414597e+14,1.98144657e+10,1.14339453e+12,"target=2*clip(log10(max(E,1e-8)),-2,13)/15",0.01,1e+13,0.518312879,1.73333333,0.909845457,0.223327288,/mnt/fillipo/huangbei/code/pixieverse_augmented,Previously saved material_grid_augmented.npy files.
saved_full_grid_augmented,E,Pa,log10,22,4.875,5.1875,10^4.88..10^5.19,3267194,0.12973408,25183776,594,99,7715.18945,1.11414597e+14,1.98144657e+10,1.14339453e+12,"target=2*clip(log10(max(E,1e-8)),-2,13)/15",0.01,1e+13,0.518312879,1.73333333,0.909845457,0.223327288,/mnt/fillipo/huangbei/code/pixieverse_augmented,Previously saved material_grid_augmented.npy files.
saved_full_grid_augmented,E,Pa,log10,23,5.1875,5.5,10^5.19..10^5.5,526583,0.0209096126,25183776,594,99,7715.18945,1.11414597e+14,1.98144657e+10,1.14339453e+12,"target=2*clip(log10(max(E,1e-8)),-2,13)/15",0.01,1e+13,0.518312879,1.73333333,0.909845457,0.223327288,/mnt/fillipo/huangbei/code/pixieverse_augmented,Previously saved material_grid_augmented.npy files.
saved_full_grid_augmented,E,Pa,log10,24,5.5,5.8125,10^5.5..10^5.81,292853,0.0116286374,25183776,594,99,7715.18945,1.11414597e+14,1.98144657e+10,1.14339453e+12,"target=2*clip(log10(max(E,1e-8)),-2,13)/15",0.01,1e+13,0.518312879,1.73333333,0.909845457,0.223327288,/mnt/fillipo/huangbei/code/pixieverse_augmented,Previously saved material_grid_augmented.npy files.
saved_full_grid_augmented,E,Pa,log10,25,5.8125,6.125,10^5.81..10^6.12,766516,0.0304368972,25183776,594,99,7715.18945,1.11414597e+14,1.98144657e+10,1.14339453e+12,"target=2*clip(log10(max(E,1e-8)),-2,13)/15",0.01,1e+13,0.518312879,1.73333333,0.909845457,0.223327288,/mnt/fillipo/huangbei/code/pixieverse_augmented,Previously saved material_grid_augmented.npy files.
saved_full_grid_augmented,E,Pa,log10,26,6.125,6.4375,10^6.12..10^6.44,651389,0.0258654222,25183776,594,99,7715.18945,1.11414597e+14,1.98144657e+10,1.14339453e+12,"target=2*clip(log10(max(E,1e-8)),-2,13)/15",0.01,1e+13,0.518312879,1.73333333,0.909845457,0.223327288,/mnt/fillipo/huangbei/code/pixieverse_augmented,Previously saved material_grid_augmented.npy files.
saved_full_grid_augmented,E,Pa,log10,27,6.4375,6.75,10^6.44..10^6.75,1064210,0.0422577615,25183776,594,99,7715.18945,1.11414597e+14,1.98144657e+10,1.14339453e+12,"target=2*clip(log10(max(E,1e-8)),-2,13)/15",0.01,1e+13,0.518312879,1.73333333,0.909845457,0.223327288,/mnt/fillipo/huangbei/code/pixieverse_augmented,Previously saved material_grid_augmented.npy files.
saved_full_grid_augmented,E,Pa,log10,28,6.75,7.0625,10^6.75..10^7.06,201332,0.00799451202,25183776,594,99,7715.18945,1.11414597e+14,1.98144657e+10,1.14339453e+12,"target=2*clip(log10(max(E,1e-8)),-2,13)/15",0.01,1e+13,0.518312879,1.73333333,0.909845457,0.223327288,/mnt/fillipo/huangbei/code/pixieverse_augmented,Previously saved material_grid_augmented.npy files.
saved_full_grid_augmented,E,Pa,log10,29,7.0625,7.375,10^7.06..10^7.38,12875,0.000511241841,25183776,594,99,7715.18945,1.11414597e+14,1.98144657e+10,1.14339453e+12,"target=2*clip(log10(max(E,1e-8)),-2,13)/15",0.01,1e+13,0.518312879,1.73333333,0.909845457,0.223327288,/mnt/fillipo/huangbei/code/pixieverse_augmented,Previously saved material_grid_augmented.npy files.
saved_full_grid_augmented,E,Pa,log10,30,7.375,7.6875,10^7.38..10^7.69,11228,0.000445842593,25183776,594,99,7715.18945,1.11414597e+14,1.98144657e+10,1.14339453e+12,"target=2*clip(log10(max(E,1e-8)),-2,13)/15",0.01,1e+13,0.518312879,1.73333333,0.909845457,0.223327288,/mnt/fillipo/huangbei/code/pixieverse_augmented,Previously saved material_grid_augmented.npy files.
saved_full_grid_augmented,E,Pa,log10,31,7.6875,8,10^7.69..10^8,1351901,0.0536814257,25183776,594,99,7715.18945,1.11414597e+14,1.98144657e+10,1.14339453e+12,"target=2*clip(log10(max(E,1e-8)),-2,13)/15",0.01,1e+13,0.518312879,1.73333333,0.909845457,0.223327288,/mnt/fillipo/huangbei/code/pixieverse_augmented,Previously saved material_grid_augmented.npy files.
saved_full_grid_augmented,E,Pa,log10,32,8,8.3125,10^8..10^8.31,8970276,0.356192654,25183776,594,99,7715.18945,1.11414597e+14,1.98144657e+10,1.14339453e+12,"target=2*clip(log10(max(E,1e-8)),-2,13)/15",0.01,1e+13,0.518312879,1.73333333,0.909845457,0.223327288,/mnt/fillipo/huangbei/code/pixieverse_augmented,Previously saved material_grid_augmented.npy files.
saved_full_grid_augmented,E,Pa,log10,33,8.3125,8.625,10^8.31..10^8.62,780289,0.0309837969,25183776,594,99,7715.18945,1.11414597e+14,1.98144657e+10,1.14339453e+12,"target=2*clip(log10(max(E,1e-8)),-2,13)/15",0.01,1e+13,0.518312879,1.73333333,0.909845457,0.223327288,/mnt/fillipo/huangbei/code/pixieverse_augmented,Previously saved material_grid_augmented.npy files.
saved_full_grid_augmented,E,Pa,log10,34,8.625,8.9375,10^8.62..10^8.94,616233,0.0244694441,25183776,594,99,7715.18945,1.11414597e+14,1.98144657e+10,1.14339453e+12,"target=2*clip(log10(max(E,1e-8)),-2,13)/15",0.01,1e+13,0.518312879,1.73333333,0.909845457,0.223327288,/mnt/fillipo/huangbei/code/pixieverse_augmented,Previously saved material_grid_augmented.npy files.
saved_full_grid_augmented,E,Pa,log10,35,8.9375,9.25,10^8.94..10^9.25,360780,0.0143258898,25183776,594,99,7715.18945,1.11414597e+14,1.98144657e+10,1.14339453e+12,"target=2*clip(log10(max(E,1e-8)),-2,13)/15",0.01,1e+13,0.518312879,1.73333333,0.909845457,0.223327288,/mnt/fillipo/huangbei/code/pixieverse_augmented,Previously saved material_grid_augmented.npy files.
saved_full_grid_augmented,E,Pa,log10,36,9.25,9.5625,10^9.25..10^9.56,388932,0.0154437524,25183776,594,99,7715.18945,1.11414597e+14,1.98144657e+10,1.14339453e+12,"target=2*clip(log10(max(E,1e-8)),-2,13)/15",0.01,1e+13,0.518312879,1.73333333,0.909845457,0.223327288,/mnt/fillipo/huangbei/code/pixieverse_augmented,Previously saved material_grid_augmented.npy files.
saved_full_grid_augmented,E,Pa,log10,37,9.5625,9.875,10^9.56..10^9.88,144469,0.0057365901,25183776,594,99,7715.18945,1.11414597e+14,1.98144657e+10,1.14339453e+12,"target=2*clip(log10(max(E,1e-8)),-2,13)/15",0.01,1e+13,0.518312879,1.73333333,0.909845457,0.223327288,/mnt/fillipo/huangbei/code/pixieverse_augmented,Previously saved material_grid_augmented.npy files.
saved_full_grid_augmented,E,Pa,log10,38,9.875,10.1875,10^9.88..10^10.2,292777,0.0116256196,25183776,594,99,7715.18945,1.11414597e+14,1.98144657e+10,1.14339453e+12,"target=2*clip(log10(max(E,1e-8)),-2,13)/15",0.01,1e+13,0.518312879,1.73333333,0.909845457,0.223327288,/mnt/fillipo/huangbei/code/pixieverse_augmented,Previously saved material_grid_augmented.npy files.
saved_full_grid_augmented,E,Pa,log10,39,10.1875,10.5,10^10.2..10^10.5,337,1.33816311e-05,25183776,594,99,7715.18945,1.11414597e+14,1.98144657e+10,1.14339453e+12,"target=2*clip(log10(max(E,1e-8)),-2,13)/15",0.01,1e+13,0.518312879,1.73333333,0.909845457,0.223327288,/mnt/fillipo/huangbei/code/pixieverse_augmented,Previously saved material_grid_augmented.npy files.
saved_full_grid_augmented,E,Pa,log10,40,10.5,10.8125,10^10.5..10^10.8,12550,0.000498336707,25183776,594,99,7715.18945,1.11414597e+14,1.98144657e+10,1.14339453e+12,"target=2*clip(log10(max(E,1e-8)),-2,13)/15",0.01,1e+13,0.518312879,1.73333333,0.909845457,0.223327288,/mnt/fillipo/huangbei/code/pixieverse_augmented,Previously saved material_grid_augmented.npy files.
saved_full_grid_augmented,E,Pa,log10,41,10.8125,11.125,10^10.8..10^11.1,0,0,25183776,594,99,7715.18945,1.11414597e+14,1.98144657e+10,1.14339453e+12,"target=2*clip(log10(max(E,1e-8)),-2,13)/15",0.01,1e+13,0.518312879,1.73333333,0.909845457,0.223327288,/mnt/fillipo/huangbei/code/pixieverse_augmented,Previously saved material_grid_augmented.npy files.
saved_full_grid_augmented,E,Pa,log10,42,11.125,11.4375,10^11.1..10^11.4,169036,0.00671209909,25183776,594,99,7715.18945,1.11414597e+14,1.98144657e+10,1.14339453e+12,"target=2*clip(log10(max(E,1e-8)),-2,13)/15",0.01,1e+13,0.518312879,1.73333333,0.909845457,0.223327288,/mnt/fillipo/huangbei/code/pixieverse_augmented,Previously saved material_grid_augmented.npy files.
saved_full_grid_augmented,E,Pa,log10,43,11.4375,11.75,10^11.4..10^11.8,78448,0.00311502135,25183776,594,99,7715.18945,1.11414597e+14,1.98144657e+10,1.14339453e+12,"target=2*clip(log10(max(E,1e-8)),-2,13)/15",0.01,1e+13,0.518312879,1.73333333,0.909845457,0.223327288,/mnt/fillipo/huangbei/code/pixieverse_augmented,Previously saved material_grid_augmented.npy files.
saved_full_grid_augmented,E,Pa,log10,44,11.75,12.0625,10^11.8..10^12.1,12760,0.000506675409,25183776,594,99,7715.18945,1.11414597e+14,1.98144657e+10,1.14339453e+12,"target=2*clip(log10(max(E,1e-8)),-2,13)/15",0.01,1e+13,0.518312879,1.73333333,0.909845457,0.223327288,/mnt/fillipo/huangbei/code/pixieverse_augmented,Previously saved material_grid_augmented.npy files.
saved_full_grid_augmented,E,Pa,log10,45,12.0625,12.375,10^12.1..10^12.4,14297,0.000567706765,25183776,594,99,7715.18945,1.11414597e+14,1.98144657e+10,1.14339453e+12,"target=2*clip(log10(max(E,1e-8)),-2,13)/15",0.01,1e+13,0.518312879,1.73333333,0.909845457,0.223327288,/mnt/fillipo/huangbei/code/pixieverse_augmented,Previously saved material_grid_augmented.npy files.
saved_full_grid_augmented,E,Pa,log10,46,12.375,12.6875,10^12.4..10^12.7,7784,0.000309087883,25183776,594,99,7715.18945,1.11414597e+14,1.98144657e+10,1.14339453e+12,"target=2*clip(log10(max(E,1e-8)),-2,13)/15",0.01,1e+13,0.518312879,1.73333333,0.909845457,0.223327288,/mnt/fillipo/huangbei/code/pixieverse_augmented,Previously saved material_grid_augmented.npy files.
saved_full_grid_augmented,E,Pa,log10,47,12.6875,13,10^12.7..10^13,0,0,25183776,594,99,7715.18945,1.11414597e+14,1.98144657e+10,1.14339453e+12,"target=2*clip(log10(max(E,1e-8)),-2,13)/15",0.01,1e+13,0.518312879,1.73333333,0.909845457,0.223327288,/mnt/fillipo/huangbei/code/pixieverse_augmented,Previously saved material_grid_augmented.npy files.
saved_full_grid_augmented,nu,ratio,linear,underflow,,0.01,<0.01,0,0,25183776,594,99,0.210276335,0.496366262,0.312328469,0.056737034,"target=2*(clip(nu,0.01,0.50)-0.01)/0.49-1",0.01,0.5,-0.182545569,0.985168418,0.233993753,0.231579731,/mnt/fillipo/huangbei/code/pixieverse_augmented,Previously saved material_grid_augmented.npy files.
saved_full_grid_augmented,nu,ratio,linear,overflow,0.5,,>=0.5,0,0,25183776,594,99,0.210276335,0.496366262,0.312328469,0.056737034,"target=2*(clip(nu,0.01,0.50)-0.01)/0.49-1",0.01,0.5,-0.182545569,0.985168418,0.233993753,0.231579731,/mnt/fillipo/huangbei/code/pixieverse_augmented,Previously saved material_grid_augmented.npy files.
saved_full_grid_augmented,nu,ratio,linear,0,0.01,0.0198,0.01..0.0198,0,0,25183776,594,99,0.210276335,0.496366262,0.312328469,0.056737034,"target=2*(clip(nu,0.01,0.50)-0.01)/0.49-1",0.01,0.5,-0.182545569,0.985168418,0.233993753,0.231579731,/mnt/fillipo/huangbei/code/pixieverse_augmented,Previously saved material_grid_augmented.npy files.
saved_full_grid_augmented,nu,ratio,linear,1,0.0198,0.0296,0.0198..0.0296,0,0,25183776,594,99,0.210276335,0.496366262,0.312328469,0.056737034,"target=2*(clip(nu,0.01,0.50)-0.01)/0.49-1",0.01,0.5,-0.182545569,0.985168418,0.233993753,0.231579731,/mnt/fillipo/huangbei/code/pixieverse_augmented,Previously saved material_grid_augmented.npy files.
saved_full_grid_augmented,nu,ratio,linear,2,0.0296,0.0394,0.0296..0.0394,0,0,25183776,594,99,0.210276335,0.496366262,0.312328469,0.056737034,"target=2*(clip(nu,0.01,0.50)-0.01)/0.49-1",0.01,0.5,-0.182545569,0.985168418,0.233993753,0.231579731,/mnt/fillipo/huangbei/code/pixieverse_augmented,Previously saved material_grid_augmented.npy files.
saved_full_grid_augmented,nu,ratio,linear,3,0.0394,0.0492,0.0394..0.0492,0,0,25183776,594,99,0.210276335,0.496366262,0.312328469,0.056737034,"target=2*(clip(nu,0.01,0.50)-0.01)/0.49-1",0.01,0.5,-0.182545569,0.985168418,0.233993753,0.231579731,/mnt/fillipo/huangbei/code/pixieverse_augmented,Previously saved material_grid_augmented.npy files.
saved_full_grid_augmented,nu,ratio,linear,4,0.0492,0.059,0.0492..0.059,0,0,25183776,594,99,0.210276335,0.496366262,0.312328469,0.056737034,"target=2*(clip(nu,0.01,0.50)-0.01)/0.49-1",0.01,0.5,-0.182545569,0.985168418,0.233993753,0.231579731,/mnt/fillipo/huangbei/code/pixieverse_augmented,Previously saved material_grid_augmented.npy files.
saved_full_grid_augmented,nu,ratio,linear,5,0.059,0.0688,0.059..0.0688,0,0,25183776,594,99,0.210276335,0.496366262,0.312328469,0.056737034,"target=2*(clip(nu,0.01,0.50)-0.01)/0.49-1",0.01,0.5,-0.182545569,0.985168418,0.233993753,0.231579731,/mnt/fillipo/huangbei/code/pixieverse_augmented,Previously saved material_grid_augmented.npy files.
saved_full_grid_augmented,nu,ratio,linear,6,0.0688,0.0786,0.0688..0.0786,0,0,25183776,594,99,0.210276335,0.496366262,0.312328469,0.056737034,"target=2*(clip(nu,0.01,0.50)-0.01)/0.49-1",0.01,0.5,-0.182545569,0.985168418,0.233993753,0.231579731,/mnt/fillipo/huangbei/code/pixieverse_augmented,Previously saved material_grid_augmented.npy files.
saved_full_grid_augmented,nu,ratio,linear,7,0.0786,0.0884,0.0786..0.0884,0,0,25183776,594,99,0.210276335,0.496366262,0.312328469,0.056737034,"target=2*(clip(nu,0.01,0.50)-0.01)/0.49-1",0.01,0.5,-0.182545569,0.985168418,0.233993753,0.231579731,/mnt/fillipo/huangbei/code/pixieverse_augmented,Previously saved material_grid_augmented.npy files.
saved_full_grid_augmented,nu,ratio,linear,8,0.0884,0.0982,0.0884..0.0982,0,0,25183776,594,99,0.210276335,0.496366262,0.312328469,0.056737034,"target=2*(clip(nu,0.01,0.50)-0.01)/0.49-1",0.01,0.5,-0.182545569,0.985168418,0.233993753,0.231579731,/mnt/fillipo/huangbei/code/pixieverse_augmented,Previously saved material_grid_augmented.npy files.
saved_full_grid_augmented,nu,ratio,linear,9,0.0982,0.108,0.0982..0.108,0,0,25183776,594,99,0.210276335,0.496366262,0.312328469,0.056737034,"target=2*(clip(nu,0.01,0.50)-0.01)/0.49-1",0.01,0.5,-0.182545569,0.985168418,0.233993753,0.231579731,/mnt/fillipo/huangbei/code/pixieverse_augmented,Previously saved material_grid_augmented.npy files.
saved_full_grid_augmented,nu,ratio,linear,10,0.108,0.1178,0.108..0.118,0,0,25183776,594,99,0.210276335,0.496366262,0.312328469,0.056737034,"target=2*(clip(nu,0.01,0.50)-0.01)/0.49-1",0.01,0.5,-0.182545569,0.985168418,0.233993753,0.231579731,/mnt/fillipo/huangbei/code/pixieverse_augmented,Previously saved material_grid_augmented.npy files.
saved_full_grid_augmented,nu,ratio,linear,11,0.1178,0.1276,0.118..0.128,0,0,25183776,594,99,0.210276335,0.496366262,0.312328469,0.056737034,"target=2*(clip(nu,0.01,0.50)-0.01)/0.49-1",0.01,0.5,-0.182545569,0.985168418,0.233993753,0.231579731,/mnt/fillipo/huangbei/code/pixieverse_augmented,Previously saved material_grid_augmented.npy files.
saved_full_grid_augmented,nu,ratio,linear,12,0.1276,0.1374,0.128..0.137,0,0,25183776,594,99,0.210276335,0.496366262,0.312328469,0.056737034,"target=2*(clip(nu,0.01,0.50)-0.01)/0.49-1",0.01,0.5,-0.182545569,0.985168418,0.233993753,0.231579731,/mnt/fillipo/huangbei/code/pixieverse_augmented,Previously saved material_grid_augmented.npy files.
saved_full_grid_augmented,nu,ratio,linear,13,0.1374,0.1472,0.137..0.147,0,0,25183776,594,99,0.210276335,0.496366262,0.312328469,0.056737034,"target=2*(clip(nu,0.01,0.50)-0.01)/0.49-1",0.01,0.5,-0.182545569,0.985168418,0.233993753,0.231579731,/mnt/fillipo/huangbei/code/pixieverse_augmented,Previously saved material_grid_augmented.npy files.
saved_full_grid_augmented,nu,ratio,linear,14,0.1472,0.157,0.147..0.157,0,0,25183776,594,99,0.210276335,0.496366262,0.312328469,0.056737034,"target=2*(clip(nu,0.01,0.50)-0.01)/0.49-1",0.01,0.5,-0.182545569,0.985168418,0.233993753,0.231579731,/mnt/fillipo/huangbei/code/pixieverse_augmented,Previously saved material_grid_augmented.npy files.
saved_full_grid_augmented,nu,ratio,linear,15,0.157,0.1668,0.157..0.167,0,0,25183776,594,99,0.210276335,0.496366262,0.312328469,0.056737034,"target=2*(clip(nu,0.01,0.50)-0.01)/0.49-1",0.01,0.5,-0.182545569,0.985168418,0.233993753,0.231579731,/mnt/fillipo/huangbei/code/pixieverse_augmented,Previously saved material_grid_augmented.npy files.
saved_full_grid_augmented,nu,ratio,linear,16,0.1668,0.1766,0.167..0.177,0,0,25183776,594,99,0.210276335,0.496366262,0.312328469,0.056737034,"target=2*(clip(nu,0.01,0.50)-0.01)/0.49-1",0.01,0.5,-0.182545569,0.985168418,0.233993753,0.231579731,/mnt/fillipo/huangbei/code/pixieverse_augmented,Previously saved material_grid_augmented.npy files.
saved_full_grid_augmented,nu,ratio,linear,17,0.1766,0.1864,0.177..0.186,0,0,25183776,594,99,0.210276335,0.496366262,0.312328469,0.056737034,"target=2*(clip(nu,0.01,0.50)-0.01)/0.49-1",0.01,0.5,-0.182545569,0.985168418,0.233993753,0.231579731,/mnt/fillipo/huangbei/code/pixieverse_augmented,Previously saved material_grid_augmented.npy files.
saved_full_grid_augmented,nu,ratio,linear,18,0.1864,0.1962,0.186..0.196,0,0,25183776,594,99,0.210276335,0.496366262,0.312328469,0.056737034,"target=2*(clip(nu,0.01,0.50)-0.01)/0.49-1",0.01,0.5,-0.182545569,0.985168418,0.233993753,0.231579731,/mnt/fillipo/huangbei/code/pixieverse_augmented,Previously saved material_grid_augmented.npy files.
saved_full_grid_augmented,nu,ratio,linear,19,0.1962,0.206,0.196..0.206,0,0,25183776,594,99,0.210276335,0.496366262,0.312328469,0.056737034,"target=2*(clip(nu,0.01,0.50)-0.01)/0.49-1",0.01,0.5,-0.182545569,0.985168418,0.233993753,0.231579731,/mnt/fillipo/huangbei/code/pixieverse_augmented,Previously saved material_grid_augmented.npy files.
saved_full_grid_augmented,nu,ratio,linear,20,0.206,0.2158,0.206..0.216,3950262,0.156857415,25183776,594,99,0.210276335,0.496366262,0.312328469,0.056737034,"target=2*(clip(nu,0.01,0.50)-0.01)/0.49-1",0.01,0.5,-0.182545569,0.985168418,0.233993753,0.231579731,/mnt/fillipo/huangbei/code/pixieverse_augmented,Previously saved material_grid_augmented.npy files.
saved_full_grid_augmented,nu,ratio,linear,21,0.2158,0.2256,0.216..0.226,0,0,25183776,594,99,0.210276335,0.496366262,0.312328469,0.056737034,"target=2*(clip(nu,0.01,0.50)-0.01)/0.49-1",0.01,0.5,-0.182545569,0.985168418,0.233993753,0.231579731,/mnt/fillipo/huangbei/code/pixieverse_augmented,Previously saved material_grid_augmented.npy files.
saved_full_grid_augmented,nu,ratio,linear,22,0.2256,0.2354,0.226..0.235,0,0,25183776,594,99,0.210276335,0.496366262,0.312328469,0.056737034,"target=2*(clip(nu,0.01,0.50)-0.01)/0.49-1",0.01,0.5,-0.182545569,0.985168418,0.233993753,0.231579731,/mnt/fillipo/huangbei/code/pixieverse_augmented,Previously saved material_grid_augmented.npy files.
saved_full_grid_augmented,nu,ratio,linear,23,0.2354,0.2452,0.235..0.245,0,0,25183776,594,99,0.210276335,0.496366262,0.312328469,0.056737034,"target=2*(clip(nu,0.01,0.50)-0.01)/0.49-1",0.01,0.5,-0.182545569,0.985168418,0.233993753,0.231579731,/mnt/fillipo/huangbei/code/pixieverse_augmented,Previously saved material_grid_augmented.npy files.
saved_full_grid_augmented,nu,ratio,linear,24,0.2452,0.255,0.245..0.255,4260,0.000169156524,25183776,594,99,0.210276335,0.496366262,0.312328469,0.056737034,"target=2*(clip(nu,0.01,0.50)-0.01)/0.49-1",0.01,0.5,-0.182545569,0.985168418,0.233993753,0.231579731,/mnt/fillipo/huangbei/code/pixieverse_augmented,Previously saved material_grid_augmented.npy files.
saved_full_grid_augmented,nu,ratio,linear,25,0.255,0.2648,0.255..0.265,352278,0.0139882915,25183776,594,99,0.210276335,0.496366262,0.312328469,0.056737034,"target=2*(clip(nu,0.01,0.50)-0.01)/0.49-1",0.01,0.5,-0.182545569,0.985168418,0.233993753,0.231579731,/mnt/fillipo/huangbei/code/pixieverse_augmented,Previously saved material_grid_augmented.npy files.
saved_full_grid_augmented,nu,ratio,linear,26,0.2648,0.2746,0.265..0.275,0,0,25183776,594,99,0.210276335,0.496366262,0.312328469,0.056737034,"target=2*(clip(nu,0.01,0.50)-0.01)/0.49-1",0.01,0.5,-0.182545569,0.985168418,0.233993753,0.231579731,/mnt/fillipo/huangbei/code/pixieverse_augmented,Previously saved material_grid_augmented.npy files.
saved_full_grid_augmented,nu,ratio,linear,27,0.2746,0.2844,0.275..0.284,588,2.33483652e-05,25183776,594,99,0.210276335,0.496366262,0.312328469,0.056737034,"target=2*(clip(nu,0.01,0.50)-0.01)/0.49-1",0.01,0.5,-0.182545569,0.985168418,0.233993753,0.231579731,/mnt/fillipo/huangbei/code/pixieverse_augmented,Previously saved material_grid_augmented.npy files.
saved_full_grid_augmented,nu,ratio,linear,28,0.2844,0.2942,0.284..0.294,292104,0.0115988961,25183776,594,99,0.210276335,0.496366262,0.312328469,0.056737034,"target=2*(clip(nu,0.01,0.50)-0.01)/0.49-1",0.01,0.5,-0.182545569,0.985168418,0.233993753,0.231579731,/mnt/fillipo/huangbei/code/pixieverse_augmented,Previously saved material_grid_augmented.npy files.
saved_full_grid_augmented,nu,ratio,linear,29,0.2942,0.304,0.294..0.304,0,0,25183776,594,99,0.210276335,0.496366262,0.312328469,0.056737034,"target=2*(clip(nu,0.01,0.50)-0.01)/0.49-1",0.01,0.5,-0.182545569,0.985168418,0.233993753,0.231579731,/mnt/fillipo/huangbei/code/pixieverse_augmented,Previously saved material_grid_augmented.npy files.
saved_full_grid_augmented,nu,ratio,linear,30,0.304,0.3138,0.304..0.314,12827490,0.509355309,25183776,594,99,0.210276335,0.496366262,0.312328469,0.056737034,"target=2*(clip(nu,0.01,0.50)-0.01)/0.49-1",0.01,0.5,-0.182545569,0.985168418,0.233993753,0.231579731,/mnt/fillipo/huangbei/code/pixieverse_augmented,Previously saved material_grid_augmented.npy files.
saved_full_grid_augmented,nu,ratio,linear,31,0.3138,0.3236,0.314..0.324,95136,0.0037776702,25183776,594,99,0.210276335,0.496366262,0.312328469,0.056737034,"target=2*(clip(nu,0.01,0.50)-0.01)/0.49-1",0.01,0.5,-0.182545569,0.985168418,0.233993753,0.231579731,/mnt/fillipo/huangbei/code/pixieverse_augmented,Previously saved material_grid_augmented.npy files.
saved_full_grid_augmented,nu,ratio,linear,32,0.3236,0.3334,0.324..0.333,38556,0.00153098566,25183776,594,99,0.210276335,0.496366262,0.312328469,0.056737034,"target=2*(clip(nu,0.01,0.50)-0.01)/0.49-1",0.01,0.5,-0.182545569,0.985168418,0.233993753,0.231579731,/mnt/fillipo/huangbei/code/pixieverse_augmented,Previously saved material_grid_augmented.npy files.
saved_full_grid_augmented,nu,ratio,linear,33,0.3334,0.3432,0.333..0.343,0,0,25183776,594,99,0.210276335,0.496366262,0.312328469,0.056737034,"target=2*(clip(nu,0.01,0.50)-0.01)/0.49-1",0.01,0.5,-0.182545569,0.985168418,0.233993753,0.231579731,/mnt/fillipo/huangbei/code/pixieverse_augmented,Previously saved material_grid_augmented.npy files.
saved_full_grid_augmented,nu,ratio,linear,34,0.3432,0.353,0.343..0.353,163434,0.00648965429,25183776,594,99,0.210276335,0.496366262,0.312328469,0.056737034,"target=2*(clip(nu,0.01,0.50)-0.01)/0.49-1",0.01,0.5,-0.182545569,0.985168418,0.233993753,0.231579731,/mnt/fillipo/huangbei/code/pixieverse_augmented,Previously saved material_grid_augmented.npy files.
saved_full_grid_augmented,nu,ratio,linear,35,0.353,0.3628,0.353..0.363,5436678,0.215880176,25183776,594,99,0.210276335,0.496366262,0.312328469,0.056737034,"target=2*(clip(nu,0.01,0.50)-0.01)/0.49-1",0.01,0.5,-0.182545569,0.985168418,0.233993753,0.231579731,/mnt/fillipo/huangbei/code/pixieverse_augmented,Previously saved material_grid_augmented.npy files.
saved_full_grid_augmented,nu,ratio,linear,36,0.3628,0.3726,0.363..0.373,194532,0.00772449691,25183776,594,99,0.210276335,0.496366262,0.312328469,0.056737034,"target=2*(clip(nu,0.01,0.50)-0.01)/0.49-1",0.01,0.5,-0.182545569,0.985168418,0.233993753,0.231579731,/mnt/fillipo/huangbei/code/pixieverse_augmented,Previously saved material_grid_augmented.npy files.
saved_full_grid_augmented,nu,ratio,linear,37,0.3726,0.3824,0.373..0.382,24822,0.000985634561,25183776,594,99,0.210276335,0.496366262,0.312328469,0.056737034,"target=2*(clip(nu,0.01,0.50)-0.01)/0.49-1",0.01,0.5,-0.182545569,0.985168418,0.233993753,0.231579731,/mnt/fillipo/huangbei/code/pixieverse_augmented,Previously saved material_grid_augmented.npy files.
saved_full_grid_augmented,nu,ratio,linear,38,0.3824,0.3922,0.382..0.392,648,2.57308515e-05,25183776,594,99,0.210276335,0.496366262,0.312328469,0.056737034,"target=2*(clip(nu,0.01,0.50)-0.01)/0.49-1",0.01,0.5,-0.182545569,0.985168418,0.233993753,0.231579731,/mnt/fillipo/huangbei/code/pixieverse_augmented,Previously saved material_grid_augmented.npy files.
saved_full_grid_augmented,nu,ratio,linear,39,0.3922,0.402,0.392..0.402,109980,0.00436709729,25183776,594,99,0.210276335,0.496366262,0.312328469,0.056737034,"target=2*(clip(nu,0.01,0.50)-0.01)/0.49-1",0.01,0.5,-0.182545569,0.985168418,0.233993753,0.231579731,/mnt/fillipo/huangbei/code/pixieverse_augmented,Previously saved material_grid_augmented.npy files.
saved_full_grid_augmented,nu,ratio,linear,40,0.402,0.4118,0.402..0.412,75006,0.00297834606,25183776,594,99,0.210276335,0.496366262,0.312328469,0.056737034,"target=2*(clip(nu,0.01,0.50)-0.01)/0.49-1",0.01,0.5,-0.182545569,0.985168418,0.233993753,0.231579731,/mnt/fillipo/huangbei/code/pixieverse_augmented,Previously saved material_grid_augmented.npy files.
saved_full_grid_augmented,nu,ratio,linear,41,0.4118,0.4216,0.412..0.422,167886,0.00666643477,25183776,594,99,0.210276335,0.496366262,0.312328469,0.056737034,"target=2*(clip(nu,0.01,0.50)-0.01)/0.49-1",0.01,0.5,-0.182545569,0.985168418,0.233993753,0.231579731,/mnt/fillipo/huangbei/code/pixieverse_augmented,Previously saved material_grid_augmented.npy files.
saved_full_grid_augmented,nu,ratio,linear,42,0.4216,0.4314,0.422..0.431,1046130,0.041539839,25183776,594,99,0.210276335,0.496366262,0.312328469,0.056737034,"target=2*(clip(nu,0.01,0.50)-0.01)/0.49-1",0.01,0.5,-0.182545569,0.985168418,0.233993753,0.231579731,/mnt/fillipo/huangbei/code/pixieverse_augmented,Previously saved material_grid_augmented.npy files.
saved_full_grid_augmented,nu,ratio,linear,43,0.4314,0.4412,0.431..0.441,127236,0.00505230034,25183776,594,99,0.210276335,0.496366262,0.312328469,0.056737034,"target=2*(clip(nu,0.01,0.50)-0.01)/0.49-1",0.01,0.5,-0.182545569,0.985168418,0.233993753,0.231579731,/mnt/fillipo/huangbei/code/pixieverse_augmented,Previously saved material_grid_augmented.npy files.
saved_full_grid_augmented,nu,ratio,linear,44,0.4412,0.451,0.441..0.451,183156,0.00727277752,25183776,594,99,0.210276335,0.496366262,0.312328469,0.056737034,"target=2*(clip(nu,0.01,0.50)-0.01)/0.49-1",0.01,0.5,-0.182545569,0.985168418,0.233993753,0.231579731,/mnt/fillipo/huangbei/code/pixieverse_augmented,Previously saved material_grid_augmented.npy files.
saved_full_grid_augmented,nu,ratio,linear,45,0.451,0.4608,0.451..0.461,18306,0.000726896554,25183776,594,99,0.210276335,0.496366262,0.312328469,0.056737034,"target=2*(clip(nu,0.01,0.50)-0.01)/0.49-1",0.01,0.5,-0.182545569,0.985168418,0.233993753,0.231579731,/mnt/fillipo/huangbei/code/pixieverse_augmented,Previously saved material_grid_augmented.npy files.
saved_full_grid_augmented,nu,ratio,linear,46,0.4608,0.4706,0.461..0.471,6366,0.000252781791,25183776,594,99,0.210276335,0.496366262,0.312328469,0.056737034,"target=2*(clip(nu,0.01,0.50)-0.01)/0.49-1",0.01,0.5,-0.182545569,0.985168418,0.233993753,0.231579731,/mnt/fillipo/huangbei/code/pixieverse_augmented,Previously saved material_grid_augmented.npy files.
saved_full_grid_augmented,nu,ratio,linear,47,0.4706,0.4804,0.471..0.48,49776,0.00197651059,25183776,594,99,0.210276335,0.496366262,0.312328469,0.056737034,"target=2*(clip(nu,0.01,0.50)-0.01)/0.49-1",0.01,0.5,-0.182545569,0.985168418,0.233993753,0.231579731,/mnt/fillipo/huangbei/code/pixieverse_augmented,Previously saved material_grid_augmented.npy files.
saved_full_grid_augmented,nu,ratio,linear,48,0.4804,0.4902,0.48..0.49,0,0,25183776,594,99,0.210276335,0.496366262,0.312328469,0.056737034,"target=2*(clip(nu,0.01,0.50)-0.01)/0.49-1",0.01,0.5,-0.182545569,0.985168418,0.233993753,0.231579731,/mnt/fillipo/huangbei/code/pixieverse_augmented,Previously saved material_grid_augmented.npy files.
saved_full_grid_augmented,nu,ratio,linear,49,0.4902,0.5,0.49..0.5,19146,0.000760251362,25183776,594,99,0.210276335,0.496366262,0.312328469,0.056737034,"target=2*(clip(nu,0.01,0.50)-0.01)/0.49-1",0.01,0.5,-0.182545569,0.985168418,0.233993753,0.231579731,/mnt/fillipo/huangbei/code/pixieverse_augmented,Previously saved material_grid_augmented.npy files.
